id,state,country,image
1,Alabama,United States of America,https://upload.wikimedia.org/wikipedia/commons/5/5c/Flag_of_Alabama.svg
2,Alaska,United States of America,https://upload.wikimedia.org/wikipedia/commons/e/e6/Flag_of_Alaska.svg
3,Arizona,United States of America,https://upload.wikimedia.org/wikipedia/commons/9/9d/Flag_of_Arizona.svg
4,Arkansas,United States of America,https://upload.wikimedia.org/wikipedia/commons/9/9d/Flag_of_Arkansas.svg
5,California,United States of America,https://upload.wikimedia.org/wikipedia/commons/0/01/Flag_of_California.svg
6,Colorado,United States of America,https://upload.wikimedia.org/wikipedia/commons/4/46/Flag_of_Colorado.svg
7,Connecticut,United States of America,https://upload.wikimedia.org/wikipedia/commons/9/96/Flag_of_Connecticut.svg
8,Delaware,United States of America,https://upload.wikimedia.org/wikipedia/commons/c/c6/Flag_of_Delaware.svg
9,Florida,United States of America,https://upload.wikimedia.org/wikipedia/commons/f/f7/Flag_of_Florida.svg
10,Georgia,United States of America,https://upload.wikimedia.org/wikipedia/commons/0/08/Flag_of_the_State_of_Georgia.svg
11,Hawaii,United States of America,https://upload.wikimedia.org/wikipedia/commons/e/ef/Flag_of_Hawaii.svg
12,Idaho,United States of America,https://upload.wikimedia.org/wikipedia/commons/a/a4/Flag_of_Idaho.svg
13,Illinois,United States of America,https://upload.wikimedia.org/wikipedia/commons/0/01/Flag_of_Illinois.svg
14,Indiana,United States of America,https://upload.wikimedia.org/wikipedia/commons/a/ac/Flag_of_Indiana.svg
15,Iowa,United States of America,https://upload.wikimedia.org/wikipedia/commons/a/aa/Flag_of_Iowa.svg
16,Kansas,United States of America,https://upload.wikimedia.org/wikipedia/commons/d/da/Flag_of_Kansas.svg
17,Kentucky,United States of America,https://upload.wikimedia.org/wikipedia/commons/8/8d/Flag_of_Kentucky.svg
18,Louisiana,United States of America,https://upload.wikimedia.org/wikipedia/commons/e/e0/Flag_of_Louisiana.svg
19,Maine,United States of America,https://upload.wikimedia.org/wikipedia/commons/3/35/Flag_of_Maine.svg
20,Maryland,United States of America,https://upload.wikimedia.org/wikipedia/commons/a/a0/Flag_of_Maryland.svg
21,Massachusetts,United States of America,https://upload.wikimedia.org/wikipedia/commons/f/f2/Flag_of_Massachusetts.svg
22,Michigan,United States of America,https://upload.wikimedia.org/wikipedia/commons/b/b5/Flag_of_Michigan.svg
23,Minnesota,United States of America,https://upload.wikimedia.org/wikipedia/commons/b/b9/Flag_of_Minnesota.svg
24,Mississippi,United States of America,https://upload.wikimedia.org/wikipedia/commons/4/42/Flag_of_Mississippi.svg
25,Missouri,United States of America,https://upload.wikimedia.org/wikipedia/commons/5/5a/Flag_of_Missouri.svg
26,Montana,United States of America,https://upload.wikimedia.org/wikipedia/commons/c/cb/Flag_of_Montana.svg
27,Nebraska,United States of America,https://upload.wikimedia.org/wikipedia/commons/4/4d/Flag_of_Nebraska.svg
28,Nevada,United States of America,https://upload.wikimedia.org/wikipedia/commons/f/f1/Flag_of_Nevada.svg
29,New Hampshire,United States of America,https://upload.wikimedia.org/wikipedia/commons/2/28/Flag_of_New_Hampshire.svg
30,New Jersey,United States of America,https://upload.wikimedia.org/wikipedia/commons/9/92/Flag_of_New_Jersey.svg
31,New Mexico,United States of America,https://upload.wikimedia.org/wikipedia/commons/c/c3/Flag_of_New_Mexico.svg
32,New York,United States of America,https://upload.wikimedia.org/wikipedia/commons/1/1a/Flag_of_New_York.svg
33,North Carolina,United States of America,https://upload.wikimedia.org/wikipedia/commons/b/bb/Flag_of_North_Carolina.svg
34,North Dakota,United States of America,https://upload.wikimedia.org/wikipedia/commons/e/ee/Flag_of_North_Dakota.svg
35,Ohio,United States of America,https://upload.wikimedia.org/wikipedia/commons/4/4c/Flag_of_Ohio.svg
36,Oklahoma,United States of America,https://upload.wikimedia.org/wikipedia/commons/6/6e/Flag_of_Oklahoma.svg
37,Oregon,United States of America,https://upload.wikimedia.org/wikipedia/commons/b/b9/Flag_of_Oregon.svg
38,Pennsylvania,United States of America,https://upload.wikimedia.org/wikipedia/commons/f/f7/Flag_of_Pennsylvania.svg
39,Rhode Island,United States of America,https://upload.wikimedia.org/wikipedia/commons/f/f3/Flag_of_Rhode_Island.svg
40,South Carolina,United States of America,https://upload.wikimedia.org/wikipedia/commons/6/69/Flag_of_South_Carolina.svg
41,South Dakota,United States of America,https://upload.wikimedia.org/wikipedia/commons/1/1a/Flag_of_South_Dakota.svg
42,Tennessee,United States of America,https://upload.wikimedia.org/wikipedia/commons/9/9e/Flag_of_Tennessee.svg
43,Texas,United States of America,https://upload.wikimedia.org/wikipedia/commons/f/f7/Flag_of_Texas.svg
44,Utah,United States of America,https://upload.wikimedia.org/wikipedia/commons/f/f6/Flag_of_Utah.svg
45,Vermont,United States of America,https://upload.wikimedia.org/wikipedia/commons/4/49/Flag_of_Vermont.svg
46,Virginia,United States of America,https://upload.wikimedia.org/wikipedia/commons/4/47/Flag_of_Virginia.svg
47,Washington,United States of America,https://upload.wikimedia.org/wikipedia/commons/5/54/Flag_of_Washington.svg
48,West Virginia,United States of America,https://upload.wikimedia.org/wikipedia/commons/2/22/Flag_of_West_Virginia.svg
49,Wisconsin,United States of America,https://upload.wikimedia.org/wikipedia/commons/2/22/Flag_of_Wisconsin.svg
50,Wyoming,United States of America,https://upload.wikimedia.org/wikipedia/commons/b/bc/Flag_of_Wyoming.svg