id,country,city,title,logo,region,location
697,United States,Cambridge,Harvard University,https://www.topuniversities.com/sites/default/files/harvard-university_253_small.jpg,North America,0101000020E6100000B0928FDD05C751C08236397CD22F4540
698,United States,Stanford,Stanford University,https://www.topuniversities.com/sites/default/files/stanford-university_573_small.jpg,North America,0101000020E61000006688635DDC8A5EC037E15E99B7B64240
699,United States,Cambridge,Massachusetts Institute of Technology (MIT),https://www.topuniversities.com/sites/default/files/massachusetts-institute-of-technology-mit_410_small.jpg,North America,0101000020E6100000D925AAB706C651C0BE4A3E76172E4540
700,United States,Berkeley,University of California, Berkeley (UCB)",https://www.topuniversities.com/sites/default/files/university-of-california-berkeley-ucb_84_small.jpg,North America,0101000020E6100000DC2BF3565D905EC003D2FE0758EF4240
701,United States,Los Angeles,University of California, Los Angeles (UCLA)",https://www.topuniversities.com/sites/default/files/university-of-california-los-angeles-ucla_87_small.jpg,North America,0101000020E61000003DF372D87D9C5DC0FA804067D2084140
702,United States,New Haven,Yale University,https://www.topuniversities.com/sites/default/files/yale-university_684_small.jpg,North America,0101000020E6100000744694F6063B52C0C6DCB5847CA84440
703,United States,New York City,Columbia University,https://www.topuniversities.com/sites/default/files/211207010540pm571294Webp.net-resizeimage-2021-12-07T150514.382-48x48.jpg,North America,0101000020E6100000CFC0C8CB9A7D52C0DC2BF3565D674440
704,United States,Princeton,Princeton University,https://www.topuniversities.com/sites/default/files/princeton-university_508_small.jpg,North America,0101000020E6100000041BD7BFEBA952C0268FA7E5072C4440
705,United States,New York City,New York University (NYU),https://www.topuniversities.com/sites/default/files/new-york-university-nyu_448_small.jpg,North America,0101000020E61000001FF64201DB7B52C0B610E4A0845D4440
706,United States,Philadelphia,University of Pennsylvania,https://www.topuniversities.com/sites/default/files/university-of-pennsylvania_495_small.jpg,North America,0101000020E61000001AA54BFF92CA52C0DFDC5F3DEEF94340
707,United States,Chicago,University of Chicago,https://www.topuniversities.com/sites/default/files/university-of-chicago_120_small.jpg,North America,0101000020E6100000469737876BE655C0F9F4D89601E54440
708,United States,Ithaca,Cornell University,https://www.topuniversities.com/sites/default/files/cornell-university_143_small.jpg,North America,0101000020E6100000FCA9F1D24D1E53C0B68311FB043A4540
709,United States,Durham,Duke University,https://www.topuniversities.com/sites/default/files/duke-university_168_small.jpg,North America,0101000020E6100000A114ADDC0BBC53C00C2252D32E004240
710,United States,Baltimore,Johns Hopkins University,https://www.topuniversities.com/sites/default/files/johns-hopkins-university_305_small.jpg,North America,0101000020E61000005E471CB2812753C08656276728AA4340
711,United States,Los Angeles,University of Southern California,https://www.topuniversities.com/sites/default/files/university-of-southern-california_569_small.jpg,North America,0101000020E61000008907944DB99F5DC07F69519FE4024140
712,United States,Evanston,Northwestern University,https://www.topuniversities.com/sites/default/files/northwestern-university_592560cf2aeae70239af4c50_small.jpg,North America,0101000020E610000034D93F4F03EC55C00D1D3BA8C4054540
713,United States,Pittsburgh,Carnegie Mellon University,https://www.topuniversities.com/sites/default/files/carnegie-mellon-university_101_small.jpg,North America,0101000020E6100000E066F16261FC53C0048D9944BD384440
714,United States,Ann Arbor,University of Michigan-Ann Arbor,https://www.topuniversities.com/sites/default/files/university-of-michigan_403_small.jpg,North America,0101000020E6100000D447E00F3FEF54C0DCF0BBE996234540
715,United States,Providence,Brown University,https://www.topuniversities.com/sites/default/files/brown-university_72_small.jpg,North America,0101000020E6100000CEE33098BFD951C0FF23D3A1D3E94440
716,United States,Boston,Boston University,https://www.topuniversities.com/sites/default/files/boston-university_592560cf2aeae70239af4ac2_small.jpg,North America,0101000020E6100000E63FA4DFBEC651C0BE9F1A2FDD2C4540
717,United States,Pasadena,California Institute of Technology (Caltech),https://www.topuniversities.com/sites/default/files/california-institute-of-technology-caltech_94_small.jpg,North America,0101000020E6100000158C4AEA04885DC061545227A0114140
718,United States,Atlanta,Emory University,https://www.topuniversities.com/sites/default/files/emory-university_185_small.jpg,North America,0101000020E61000004D840D4FAF1455C05A643BDF4FE54040
719,United States,Houston,Rice University,https://www.topuniversities.com/sites/default/files/rice-university_524_small.jpg,North America,0101000020E610000019E25817B7D957C08126C286A7B73D40
720,United States,Seattle,University of Washington,https://www.topuniversities.com/sites/default/files/university-of-washington_592560cf2aeae70239af4d1e_small.jpg,North America,0101000020E61000008195438B6C935EC0CE88D2DEE0D34740
721,United States,St. Louis,Washington University in St. Louis,https://www.topuniversities.com/sites/default/files/washington-university-in-st.-louis_668_small.jpg,North America,0101000020E610000032E6AE25E49356C089D2DEE00B534340
722,United States,Washington D.C.,Georgetown University,https://www.topuniversities.com/sites/default/files/220714055746am997087Georgetown-48x48.jpg,North America,0101000020E61000000DE02D90A04453C0C0EC9E3C2C744340
723,United States,San Diego,University of California, San Diego (UCSD)",https://www.topuniversities.com/sites/default/files/university-of-california-san-diego-ucsd_89_small.jpg,North America,0101000020E6100000E5D022DBF94E5DC0D49AE61DA7704040
724,United States,Nashville,Vanderbilt University,https://www.topuniversities.com/sites/default/files/vanderbilt-university_649_small.jpg,North America,0101000020E6100000F31FD26F5FB355C098DD938785124240
725,United States,Austin,University of Texas at Austin,https://www.topuniversities.com/sites/default/files/university-of-texas-at-austin_604_small.jpg,North America,0101000020E610000097FF907EFB6E58C062A1D634EF483E40
726,United States,Champaign,University of Illinois at Urbana-Champaign,https://www.topuniversities.com/sites/default/files/university-of-illinois-at-urbana-champaign_2090_small.jpg,North America,0101000020E6100000AD69DE718A0E56C0931804560E0D4440
727,United States,Rochester,University of Rochester,https://www.topuniversities.com/sites/default/files/university-of-rochester_592560cf2aeae70239af4c96_small.jpg,North America,0101000020E61000001CEBE2361A6853C0C6DCB5847C904540
728,United States,Hanover,Dartmouth College,https://www.topuniversities.com/sites/default/files/dartmouth-college_592560cf2aeae70239af4b1c_small.jpg,North America,0101000020E6100000BC96900F7A1252C0B5A679C729DA4540
729,United States,Chapel Hill,University of North Carolina at Chapel Hill,https://www.topuniversities.com/sites/default/files/university-of-north-carolina-chapel-hill_424_small.jpg,North America,0101000020E6100000AC8BDB6800C353C0401361C3D3F34140
730,United States,Davis,University of California, Davis",https://www.topuniversities.com/sites/default/files/university-of-california-davis_592560cf2aeae70239af4ad8_small.jpg,North America,0101000020E61000003F575BB1BF705EC0865AD3BCE3444340
731,United States,Gainesville,University of Florida,https://www.topuniversities.com/sites/default/files/university-of-florida_212_small.jpg,North America,0101000020E61000006D567DAEB69654C0A2B437F8C2A43D40
732,United States,Medford,Tufts University,https://www.topuniversities.com/sites/default/files/tufts-university_630_small.jpg,North America,0101000020E6100000560E2DB29DC751C05C8FC2F528344540
733,United States,Chicago,University of Illinois at Chicago (UIC),https://www.topuniversities.com/sites/default/files/university-of-illinois-chicago-uic_592560cf2aeae70239af4b9a_small.jpg,North America,0101000020E61000000BB5A679C7E955C01DC9E53FA4EF4440
734,United States,Atlanta,Georgia Institute of Technology,https://www.topuniversities.com/sites/default/files/georgia-institute-of-technology_225_small.jpg,North America,0101000020E6100000E8D9ACFA5C1955C088635DDC46E34040
735,United States,Stony Brook,Stony Brook University, State University of New York",https://www.topuniversities.com/sites/default/files/stony-brook-university-state-university-of-new-york_592560cf2aeae70239af4ccb_small.jpg,North America,0101000020E6100000C139234A7B4752C069006F8104754440
736,United States,Charlottesville,University of Virginia,https://www.topuniversities.com/sites/default/files/university-of-virginia_656_small.jpg,North America,0101000020E6100000DC68006F81A053C0A3923A014D044340
737,United States,Cleveland,Case Western Reserve University,https://www.topuniversities.com/sites/default/files/case-western-reserve-university_102_small.jpg,North America,0101000020E6100000BBB88D06F06654C0B8AF03E78CC04440
738,United States,New Brunswick,Rutgers University–New Brunswick,https://www.topuniversities.com/sites/default/files/rutgers-university-new-brunswick_538_small.jpg,North America,0101000020E6100000BF0E9C33A29C52C01CEBE2361A404440
739,United States,Santa Barbara,University of California, Santa Barbara (UCSB)",https://www.topuniversities.com/sites/default/files/university-of-california-santa-barbara-ucsb_91_small.jpg,North America,0101000020E6100000C364AA6054F65DC03EE8D9ACFA344140
740,United States,University Park,Pennsylvania State University,https://www.topuniversities.com/sites/default/files/pennsylvania-state-university_494_small.jpg,North America,0101000020E61000002575029A087753C067D5E76A2B664440
741,United States,Washington D.C.,George Washington University,https://www.topuniversities.com/sites/default/files/george-washington-university_223_small.jpg,North America,0101000020E61000002CD49AE61D4353C0B3EA73B515734340
742,United States,Irvine,University of California, Irvine",https://www.topuniversities.com/sites/default/files/university-of-california-irvine_86_small.jpg,North America,0101000020E6100000D200DE0209765DC0448B6CE7FBD14040
744,United States,Miami,University of Miami,https://www.topuniversities.com/sites/default/files/university-of-miami_401_small.jpg,North America,0101000020E610000076711B0DE01154C062105839B4B83940
745,United States,Boston,Northeastern University,https://www.topuniversities.com/sites/default/files/northeastern-university_454_small.jpg,North America,0101000020E610000068B3EA73B5C551C02497FF907E2B4540
746,United States,Columbus,The Ohio State University,https://www.topuniversities.com/sites/default/files/the-ohio-state-university_465_small.jpg,North America,0101000020E6100000CBA145B6F3C154C07FFB3A70CE004440
747,United States,Buffalo,University at Buffalo SUNY,https://www.topuniversities.com/sites/default/files/university-at-buffalo-suny_1888_small.jpg,North America,0101000020E61000005F984C158CB253C0B98D06F016804540
748,United States,College Park,University of Maryland, College Park",https://www.topuniversities.com/sites/default/files/university-of-maryland-college-park_393_small.jpg,North America,0101000020E61000006A4DF38E533C53C011363CBD527E4340
749,United States,West Lafayette,Purdue University,https://www.topuniversities.com/sites/default/files/purdue-university_510_small.jpg,North America,0101000020E6100000B3EA73B515BB55C058A835CD3B364440
750,United States,Minneapolis,University of Minnesota Twin Cities,https://www.topuniversities.com/sites/default/files/university-of-minnesota_408_small.jpg,North America,0101000020E6100000265305A3924E57C086C954C1A87C4640
751,United States,Chestnut Hill,Boston College,https://www.topuniversities.com/sites/default/files/boston-college_723_small.jpg,North America,0101000020E61000007B14AE47E1CA51C0508D976E122B4540
752,United States,East Lansing,Michigan State University,https://www.topuniversities.com/sites/default/files/michigan-state-university_402_small.jpg,North America,0101000020E61000006688635DDC1E55C0992A1895D4594540
753,United States,Amherst,University of Massachusetts Amherst,https://www.topuniversities.com/sites/default/files/university-of-massachusetts-amherst_592560cf2aeae70239af4c0e_small.jpg,North America,0101000020E610000004E78C28ED2152C0E10B93A982314540
754,United States,Madison,University of Wisconsin-Madison,https://www.topuniversities.com/sites/default/files/university-of-wisconsin-madison_678_small.jpg,North America,0101000020E610000066666666665A56C0D26F5F07CE894540
755,United States,Syracuse,Syracuse University,https://www.topuniversities.com/sites/default/files/syracuse-university_812_small.jpg,North America,0101000020E61000006ADE718A8E0853C03EE8D9ACFA844540
756,United States,Bethlehem,Lehigh University,https://www.topuniversities.com/sites/default/files/230407044833pm645648lehigh-official-stacked-logo-KO-cmyk-48x48.jpg,North America,0101000020E6100000C74B378941D852C0840D4FAF944D4440
757,United States,Pittsburgh,University of Pittsburgh,https://www.topuniversities.com/sites/default/files/university-of-pittsburgh_500_small.jpg,North America,0101000020E61000001A51DA1B7CFD53C070CE88D2DE384440
758,United States,Tempe,Arizona State University,https://www.topuniversities.com/sites/default/files/arizona-state-university_592560cf2aeae70239af4a9c_small.jpg,North America,0101000020E6100000BADA8AFD65FB5BC04A7B832F4CB64040
759,United States,Waltham,Brandeis University,https://www.topuniversities.com/sites/default/files/brandeis-university_66_small.jpg,North America,0101000020E6100000B8AF03E78CD051C074B515FBCB2E4540
760,United States,Philadelphia,Temple University,https://www.topuniversities.com/sites/default/files/temple-university_592560cf2aeae70239af4cdd_small.jpg,North America,0101000020E6100000CBA145B6F3C952C0AF25E4839EFD4340
761,United States,College Station,Texas A&M University,https://www.topuniversities.com/sites/default/files/texas-am-university_592560cf2aeae70239af4ce2_small.jpg,North America,0101000020E6100000A8C64B37891558C0CAC342AD699E3E40
762,United States,Tucson,The University of Arizona,https://www.topuniversities.com/sites/default/files/the-university-of-arizona_26_small.jpg,North America,0101000020E610000005A3923A01BD5BC0A1F831E6AE1D4040
763,United States,Houston,University of Houston,https://www.topuniversities.com/sites/default/files/university-of-houston_270_small.jpg,North America,0101000020E61000003D2CD49AE6D557C0F163CC5D4BB83D40
764,United States,Binghamton,Binghamton University SUNY,https://www.topuniversities.com/sites/default/files/binghamton-university-suny_592560cf2aeae70239af51d4_small.jpg,North America,0101000020E6100000355EBA490CFE52C096218E75710B4540
765,United States,Philadelphia,Drexel University,https://www.topuniversities.com/sites/default/files/drexel-university_163_small.jpg,North America,0101000020E6100000A301BC0512CC52C06E3480B740FA4340
766,United States,Raleigh,North Carolina State University,https://www.topuniversities.com/sites/default/files/north-carolina-state-university_592560cf2aeae70239af4c2a_small.jpg,North America,0101000020E61000008126C286A7AB53C0EA95B20C71E44140
767,United States,Troy,Rensselaer Polytechnic Institute,https://www.topuniversities.com/sites/default/files/rensselaer-polytechnic-institute_522_small.jpg,North America,0101000020E61000008195438B6C6B52C0764F1E166A5D4540
768,United States,Storrs,University of Connecticut,https://www.topuniversities.com/sites/default/files/university-of-connecticut_140_small.jpg,North America,0101000020E6100000151DC9E53F1052C0567DAEB662E74440
769,United States,Athens,The University of Georgia,https://www.topuniversities.com/sites/default/files/the-university-of-georgia_227_small.jpg,North America,0101000020E6100000F931E6AE25D854C0D34D621058F94040
770,United States,Blacksburg,Virginia Polytechnic Institute and State University,https://www.topuniversities.com/sites/default/files/virginia-polytechnic-institute-and-state-university_592560cf2aeae70239af4d15_small.jpg,North America,0101000020E6100000174850FC181B54C0053411363C9D4240
771,United States,Albuquerque,University of New Mexico,https://www.topuniversities.com/sites/default/files/university-of-new-mexico_592560cf2aeae70239af4c41_small.jpg,North America,0101000020E6100000083D9B559FA75AC026E4839ECD8A4140
772,United States,Bloomington,Indiana University Bloomington,https://www.topuniversities.com/sites/default/files/indiana-university-bloomington_289_small.jpg,North America,0101000020E61000005227A089B0A155C0B003E78C28954340
773,United States,New Orleans,Tulane University,https://www.topuniversities.com/sites/default/files/tulane-university_631_small.jpg,North America,0101000020E6100000D656EC2FBB8756C08D28ED0DBEF03D40
774,United States,Boulder,University of Colorado Boulder,https://www.topuniversities.com/sites/default/files/university-of-colorado-boulder_137_small.jpg,North America,0101000020E610000069006F8104515AC08CB96B09F9004440
775,United States,Tallahassee,Florida State University,https://www.topuniversities.com/sites/default/files/florida-state-university_211_small.jpg,North America,0101000020E6100000C976BE9F1A1355C0371AC05B20713E40
776,United States,Tampa,University of South Florida,https://www.topuniversities.com/sites/default/files/Webp.net-resizeimage-90-48x48.jpg,North America,0101000020E61000001FF46C567D9A54C0744694F6060F3C40
777,United States,Chicago,Illinois Institute of Technology,https://www.topuniversities.com/sites/default/files/230109044608pm870090ILTECH-red-stacked-logo-48x48.jpg,North America,0101000020E6100000E3A59BC420E855C017B7D100DEEA4440
778,United States,Riverside,University of California, Riverside",https://www.topuniversities.com/sites/default/files/230328051801pm377649UCR-200x200-48x48.jpg,North America,0101000020E610000054742497FF545DC0BF0E9C33A2FC4040
779,United States,Santa Cruz,University of California, Santa Cruz",https://www.topuniversities.com/sites/default/files/university-of-california-santa-cruz_92_small.jpg,North America,0101000020E6100000E4141DC9E5835EC090A0F831E67E4240
780,United States,Washington D.C.,Howard University,https://www.topuniversities.com/sites/default/files/howard-university_592560cf2aeae70239af4dc1_small.jpg,North America,0101000020E6100000B7627FD93D4153C075029A081B764340
781,United States,Richardson,University of Texas Dallas,https://www.topuniversities.com/sites/default/files/university-of-texas-dallas_592560cf2aeae70239af5355_small.jpg,North America,0101000020E6100000B22E6EA3013058C0CA32C4B12E7E4040
782,United States,Santa Clara,Santa Clara University,https://www.topuniversities.com/sites/default/files/santa-clara-university_592560df9988f300e2320a24_small.jpg,North America,0101000020E61000006ABC7493187C5EC03F575BB1BFAC4240
783,United States,Winston-Salem,Wake Forest University,https://www.topuniversities.com/sites/default/files/wake-forest-university_661_small.jpg,North America,0101000020E61000000BB5A679C71154C0705F07CE19114240
784,United States,Baltimore,University of Maryland, Baltimore County",https://www.topuniversities.com/sites/default/files/university-of-maryland-baltimore-county_592560cf2aeae70239af52af_small.jpg,North America,0101000020E61000007DAEB6627F2D53C01B0DE02D90A04340
785,United States,Salt Lake City,University of Utah,https://www.topuniversities.com/sites/default/files/university-of-utah_645_small.jpg,North America,0101000020E61000008BFD65F7E4F55BC0EE5A423EE8614440
786,United States,Fairfax,George Mason University,https://www.topuniversities.com/sites/default/files/george-mason-university_592560cf2aeae70239af518c_small.jpg,North America,0101000020E610000096B20C71AC5353C0431CEBE2366A4340
788,United States,Boston,University of Massachusetts Boston,https://www.topuniversities.com/sites/default/files/university-of-massachusetts-boston_592560cf2aeae70239af566b_small.jpg,North America,0101000020E61000000A68226C78C251C055C1A8A44E284540
789,United States,Lawrence,University of Kansas,https://www.topuniversities.com/sites/default/files/university-of-kansas_309_small.jpg,North America,0101000020E6100000E4839ECDAACF57C009F9A067B37A4340
790,United States,Albany,University at Albany SUNY,https://www.topuniversities.com/sites/default/files/university-at-albany-suny_1835_small.jpg,North America,0101000020E6100000713D0AD7A37452C0AB3E575BB1574540
791,United States,Corvallis,Oregon State University,https://www.topuniversities.com/sites/default/files/oregon-state-university_592560cf2aeae70239af4dc3_small.jpg,North America,0101000020E610000027A089B0E1D15EC00EBE30992A484640
794,United States,Newark,Rutgers University–Newark,https://www.topuniversities.com/sites/default/files/rutgers-the-state-university-of-new-jersey_592560cf2aeae70239af52b1_small.jpg,North America,0101000020E61000002575029A088B52C074B515FBCB5E4440
797,United States,Iowa City,University of Iowa,https://www.topuniversities.com/sites/default/files/university-of-iowa_592560cf2aeae70239af4baa_small.jpg,North America,0101000020E6100000B515FBCBEEE156C05BB1BFEC9ED44440
801,United States,Hoboken,Stevens Institute of Technology,https://www.topuniversities.com/sites/default/files/stevens-institute-of-technology_592560cf2aeae70239af4db6_small.jpg,North America,0101000020E61000001283C0CAA18152C02C6519E2585F4440
804,United States,Lexington,University of Kentucky,https://www.topuniversities.com/sites/default/files/university-of-kentucky_316_small.jpg,North America,0101000020E6100000151DC9E53F2055C0F9A067B3EA034340
806,United States,Worcester,Worcester Polytechnic Institute,https://www.topuniversities.com/sites/default/files/worcester-polytechnic-institute_592560cf2aeae70239af4dc0_small.jpg,North America,0101000020E6100000F2B0506B9AF351C0A5BDC11726234540
809,United States,Atlanta,Georgia State University,https://www.topuniversities.com/sites/default/files/georgia-state-university_592560cf2aeae70239af4b65_small.jpg,North America,0101000020E610000086C954C1A81855C00E4FAF9465E04040
819,United States,New York City,Fordham University,https://www.topuniversities.com/sites/default/files/fordham-university_814_small.jpg,North America,0101000020E610000086C954C1A87852C083C0CAA1456E4440
820,United States,Chicago,Loyola University Chicago,https://www.topuniversities.com/sites/default/files/loyola-university-chicago_370_small.jpg,North America,0101000020E6100000849ECDAACFE955C0F54A598638F64440
821,United States,San Francisco,San Francisco State University,https://www.topuniversities.com/sites/default/files/san-francisco-state-university_592560cf2aeae70239af5354_small.jpg,North America,0101000020E61000006D567DAEB69E5EC04D840D4FAFDC4240
822,United States,Seattle,Seattle University,https://www.topuniversities.com/sites/default/files/seattle-university_592560e09988f300e2320add_small.jpg,North America,0101000020E6100000A167B3EA73955EC0E7FBA9F1D2CD4740
823,United States,Dallas,Southern Methodist University,https://www.topuniversities.com/sites/default/files/southern-methodist-university_592560cf2aeae70239af4daa_small.jpg,North America,0101000020E6100000431CEBE2363258C0EBE2361AC06B4040
826,United States,Detroit,Wayne State University,https://www.topuniversities.com/sites/default/files/wayne-state-university_592560cf2aeae70239af51d1_small.jpg,North America,0101000020E6100000DCD7817346C454C05917B7D1002E4540
829,United States,Clemson,Clemson University,https://www.topuniversities.com/sites/default/files/clemson-university_806_small.jpg,North America,0101000020E6100000CB10C7BAB8B554C09FCDAACFD5564140
830,United States,Fort Collins,Colorado State University,https://www.topuniversities.com/sites/default/files/colorado-state-university_136_small.jpg,North America,0101000020E6100000A8C64B3789455AC061C3D32B65494440
832,United States,Malibu,Pepperdine University,https://www.topuniversities.com/sites/default/files/pepperdine-university_592560cf2aeae70239af4c73_small.jpg,North America,0101000020E61000008C4AEA0434AD5DC022FDF675E0044140
834,United States,Denver,University of Denver,https://www.topuniversities.com/sites/default/files/university-of-denver_157_small.jpg,North America,0101000020E6100000933A014D843D5AC0BB270F0BB5D64340
835,United States,Kingston,University of Rhode Island,https://www.topuniversities.com/sites/default/files/university-of-rhode-island-_592560cf2aeae70239af51c7_small.jpg,North America,0101000020E6100000992A1895D4E151C0925CFE43FABD4440
837,United States,Morgantown,West Virginia University,https://www.topuniversities.com/sites/default/files/west-virginia-university_592560cf2aeae70239af531c_small.jpg,North America,0101000020E6100000C58F31772DFD53C0B6F3FDD478D14340
838,United States,Worcester,Clark University,https://www.topuniversities.com/sites/default/files/211223104412am412385CU-logo-200x200-48x48.jpg,North America,0101000020E6100000FFB27BF2B0F451C00E2DB29DEF1F4540
839,United States,Potsdam,Clarkson University,https://www.topuniversities.com/sites/default/files/clarkson-university_592560cf2aeae70239af5181_small.jpg,North America,0101000020E6100000D7A3703D0ABF52C0840D4FAF94554640
842,United States,San Jose,San Jose State University,https://www.topuniversities.com/sites/default/files/san-jose-state-university_592560cf2aeae70239af534d_small.jpg,North America,0101000020E61000005C2041F163785EC042CF66D5E7AA4240
843,United States,St. Louis,Saint Louis University,https://www.topuniversities.com/sites/default/files/saint-louis-university_592560e09988f300e2320cf4_small.jpg,North America,0101000020E61000007AA52C431C8F56C0E10B93A982514340
844,United States,Birmingham,University of Alabama at Birmingham,https://www.topuniversities.com/sites/default/files/university-of-alabama-at-birmingham_2118_small.jpg,North America,0101000020E6100000560E2DB29DB355C04694F6065FC04040
846,United States,Reno,University of Nevada - Reno,https://www.topuniversities.com/sites/default/files/university-of-nevada-reno_592560cf2aeae70239af51c0_small.jpg,North America,0101000020E61000005C2041F163F45DC068B3EA73B5C54340
847,United States,New York City,Baruch College,https://www.topuniversities.com/sites/default/files/baruch-college_592560de9988f300e23206b5_small.jpg,North America,0101000020E6100000575BB1BFEC7E52C0ADFA5C6DC55E4440
848,United States,New York City,CUNY Hunter College,https://www.topuniversities.com/sites/default/files/cuny-hunter-college_5c8208e310ca605c8c654ae5_small.jpg,North America,0101000020E61000002F6EA301BC7D52C0EE7C3F355E624440
849,United States,New York City,Hofstra University,https://www.topuniversities.com/sites/default/files/hofstra-university_1802_small.jpg,North America,0101000020E61000007CF2B0506B6652C008AC1C5A645B4440
850,United States,Manhattan,Kansas State University,https://www.topuniversities.com/sites/default/files/kansas-state-university_1912_small.jpg,North America,0101000020E6100000F0A7C64B372558C0FF21FDF675984340
851,United States,Rolla,Missouri University of Science and Technology,https://www.topuniversities.com/sites/default/files/missouri-university-of-science-and-technology_592560cf2aeae70239af51e4_small.jpg,North America,0101000020E61000003D0AD7A370F156C05F07CE1951FA4240
852,United States,Stillwater,Oklahoma State University,https://www.topuniversities.com/sites/default/files/oklahoma-state-university-_592560cf2aeae70239af5345_small.jpg,North America,0101000020E6100000234A7B832F4458C00EBE30992A104240
853,United States,Boston,Suffolk University,https://www.topuniversities.com/sites/default/files/suffolk-university_592560df9988f300e2320a70_small.jpg,North America,0101000020E6100000006F8104C5C351C0E78C28ED0D2E4540
854,United States,Kansas City,University of Missouri, Kansas City",https://www.topuniversities.com/sites/default/files/university-of-missouri-kansas-city_592560cf2aeae70239af52c8_small.jpg,North America,0101000020E6100000F0A7C64B37A557C0B7D100DE02914340
855,United States,Charlotte,University of North Carolina at Charlotte,https://www.topuniversities.com/sites/default/files/220203050430pm518134university-of-north-carolina-at-charlotte-592560cf2aeae70239af533f-large-48x48.jpg,North America,0101000020E61000001F85EB51B82E54C09EEFA7C64BA74140
856,United States,Villanova,Villanova University,https://www.topuniversities.com/sites/default/files/villanova-university_5c87707a10ca6005203cba93_small.jpg,North America,0101000020E6100000C3D32B6519D652C030BB270F0B054440
857,United States,Berrien Springs,Andrews University,https://www.topuniversities.com/sites/default/files/andrews-university_592560cf2aeae70239af517a_small.jpg,North America,0101000020E61000007B14AE47E19655C009F9A067B3FA4440
858,United States,Auburn,Auburn University,https://www.topuniversities.com/sites/default/files/auburn-university_592560cf2aeae70239af51d3_small.jpg,North America,0101000020E6100000AB3E575BB15F55C0EB73B515FB4B4040
859,United States,Indianapolis,Indiana University–Purdue University Indianapolis,https://www.topuniversities.com/sites/default/files/indiana-universitypurdue-university-indianapolis_592560e09988f300e2320b78_small.jpg,North America,0101000020E61000003A92CB7F488B55C0508D976E12E34340
860,United States,Athens,Ohio University,https://www.topuniversities.com/sites/default/files/ohio-university_1822_small.jpg,North America,0101000020E610000043AD69DE718654C08CDB68006FA94340
861,United States,New York,Pace University - New York,https://www.topuniversities.com/sites/default/files/220114031827pm138683Pace-Wordmark-01-48x48.jpg,North America,0101000020E6100000787AA52C438052C05EBA490C025B4440
862,United States,Camden,Rutgers University–Camden,https://www.topuniversities.com/sites/default/files/rutgers-the-state-university-of-new-jersey-camden_592560cf2aeae70239af58f7_small.jpg,North America,0101000020E61000008126C286A7C752C0A9A44E4013F94340
863,United States,Boston,Simmons University,https://www.topuniversities.com/sites/default/files/simmons-university_5c86599b5c52f35e6a4e2693_small.jpg,North America,0101000020E6100000C364AA6054C651C02497FF907E2B4540
864,United States,New York City,St. John's University: New York City,https://www.topuniversities.com/sites/default/files/st.-johns-university-new-york-city_592560cf2aeae70239af5340_small.jpg,North America,0101000020E6100000BBB88D06F07252C0DCD78173465C4440
865,United States,San Diego,University of San Diego,https://www.topuniversities.com/sites/default/files/university-of-san-diego_592560cf2aeae70239af4ca6_small.jpg,North America,0101000020E6100000956588635D4C5DC03411363CBD624040
866,United States,New York City,Yeshiva University,https://www.topuniversities.com/sites/default/files/the-katz-school-at-yeshiva-university_685_small.jpg,North America,0101000020E61000004FAF9465887B52C0302AA913D06C4440
867,United States,Orange,Chapman University,https://www.topuniversities.com/sites/default/files/chapman-university_592560de9988f300e23206d1_small.jpg,North America,0101000020E6100000029A081B9E765DC0AF25E4839EE54040
868,United States,San Rafael,Dominican University of California,https://www.topuniversities.com/sites/default/files/dominican-university-of-california_592560e79988f300e2321fa7_small.jpg,North America,0101000020E6100000F5B9DA8AFDA15EC0F853E3A59BFC4240
869,United States,Elon,Elon University,https://www.topuniversities.com/sites/default/files/elon-university_5c820ebf5c52f35e994cf5d8_small.jpg,North America,0101000020E6100000F931E6AE25E053C04CA60A46250D4240
870,United States,Baltimore,Loyola University Maryland,https://www.topuniversities.com/sites/default/files/loyola-university-maryland_592560cf2aeae70239af585d_small.jpg,North America,0101000020E6100000A4DFBE0E9C2753C0F8C264AA60AC4340
871,United States,Flagstaff,Northern Arizona University,https://www.topuniversities.com/sites/default/files/northern-arizona-university_592560cf2aeae70239af51a1_small.jpg,North America,0101000020E610000052B81E85EBE95BC00F9C33A2B4974140
872,United States,Fort Lauderdale,Nova Southeastern University,https://www.topuniversities.com/sites/default/files/nova-southeastern-university_592560cf2aeae70239af4c5a_small.jpg,North America,0101000020E610000024B9FC87F40F54C0BF0E9C33A2143A40
873,United States,Memphis,University of Memphis,https://www.topuniversities.com/sites/default/files/university-of-memphis_592560cf2aeae70239af51bd_small.jpg,North America,0101000020E6100000B22E6EA3017C56C09EEFA7C64B8F4140
874,United States,Greensboro,University of North Carolina at Greensboro,https://www.topuniversities.com/sites/default/files/university-of-north-carolina-at-greensboro_592560cf2aeae70239af52b2_small.jpg,North America,0101000020E6100000E4141DC9E5F353C046B6F3FDD4084240
875,United States,Valparaiso,Valparaiso University,https://www.topuniversities.com/sites/default/files/valparaiso-university_5c8770485c52f3060f614126_small.jpg,North America,0101000020E61000003333333333C355C0C1CAA145B6BB4440
876,United States,Pullman,Washington State University,https://www.topuniversities.com/sites/default/files/washington-state-university_666_small.jpg,North America,0101000020E6100000C442AD69DE495DC0A1F831E6AE5D4740
877,United States,Statesboro,Georgia Southern University,https://www.topuniversities.com/sites/default/files/georgia-southern-university_592560cf2aeae70239af518b_small.jpg,North America,0101000020E6100000EEEBC039237254C0AEB6627FD9354040
878,United States,Harrisonburg,James Madison University,https://www.topuniversities.com/sites/default/files/james-madison-university_592560cf2aeae70239af5305_small.jpg,North America,0101000020E6100000F9A067B3EAB753C02B8716D9CE374340
879,United States,Oxford,Miami University,https://www.topuniversities.com/sites/default/files/220926085849am721113Miami-logo-200x200-48x48.jpg,North America,0101000020E61000009E5E29CB102F55C0C74B378941C04340
880,United States,Winter Park,Rollins College,https://www.topuniversities.com/sites/default/files/rollins-college_592560df9988f300e2320a9e_small.jpg,North America,0101000020E61000008351499D805654C0BA6B09F9A0973C40
881,United States,Fort Worth,Texas Christian University,https://www.topuniversities.com/sites/default/files/texas-christian-university_592560cf2aeae70239af51b1_small.jpg,North America,0101000020E610000025068195435758C0894160E5D05A4040
882,United States,Lubbock,Texas Tech University,https://www.topuniversities.com/sites/default/files/texas-tech-university_592560cf2aeae70239af51b2_small.jpg,North America,0101000020E6100000EB73B515FB7759C017B7D100DECA4040
883,United States,Ewing Township,The College of New Jersey,https://www.topuniversities.com/sites/default/files/the-college-of-new-jersey_5c87515b5c52f3060f6140e0_small.jpg,North America,0101000020E610000044FAEDEBC0B152C0FB3A70CE88224440
884,United States,Dayton,University of Dayton,https://www.topuniversities.com/sites/default/files/university-of-dayton_592560cf2aeae70239af51b8_small.jpg,North America,0101000020E610000017D9CEF7530B55C0029A081B9EDE4340
885,United States,West Hartford,University of Hartford,https://www.topuniversities.com/sites/default/files/university-of-hartford_592560cf2aeae70239af51b9_small.jpg,North America,0101000020E6100000A857CA32C42D52C04BC8073D9BE54440
886,United States,Moscow,University of Idaho,https://www.topuniversities.com/sites/default/files/university-of-idaho_1847_small.jpg,North America,0101000020E61000009BE61DA7E8405DC0053411363C5D4740
887,United States,Provo,Brigham Young University,https://www.topuniversities.com/sites/default/files/brigham-young-university_68_small.jpg,North America,0101000020E6100000BD5296218EE95BC000917EFB3A204440
888,United States,New York City,CUNY Queens College,https://www.topuniversities.com/sites/default/files/cuny-queens-college_5c82093810ca605c8c654ae9_small.jpg,North America,0101000020E6100000F7E461A1D67452C083C0CAA1455E4440
889,United States,Thousand Oaks,California Lutheran University,https://www.topuniversities.com/sites/default/files/california-lutheran-university_592560cf2aeae70239af5314_small.jpg,North America,0101000020E6100000423EE8D9ACBE5DC0A1D634EF381D4140
890,United States,Fullerton,California State University - Fullerton,https://www.topuniversities.com/sites/default/files/california-state-university-fullerton_592560de9988f300e23206cf_small.jpg,North America,0101000020E6100000D49AE61DA7785DC0E25817B7D1F04040
891,United States,Ames,Iowa State University,https://www.topuniversities.com/sites/default/files/iowa-state-university_294_small.jpg,North America,0101000020E6100000B6F3FDD4786957C0A54E401361034540
892,United States,Kent,Kent State University,https://www.topuniversities.com/sites/default/files/kent-state-university_592560cf2aeae70239af5351_small.jpg,North America,0101000020E610000019E25817B75554C0B4C876BE9F924440
893,United States,Socorro,New Mexico Institute of Mining and Technology,https://www.topuniversities.com/sites/default/files/new-mexico-institute-of-mining-and-technology_5c879bc610ca60036e108b0b_small.jpg,North America,0101000020E6100000F5B9DA8AFDB95AC0B8AF03E78C084140
894,United States,New York City,New York Institute of Technology,https://www.topuniversities.com/sites/default/files/new-york-institute-of-technology_592560cf2aeae70239af599f_small.jpg,North America,0101000020E610000095D40968226852C0D0D556EC2F634440
895,United States,DeLand,Stetson University,https://www.topuniversities.com/sites/default/files/stetson-university_592560df9988f300e2320aa0_small.jpg,North America,0101000020E610000008AC1C5A645354C0295C8FC2F5083D40
896,United States,Lowell,University of Massachusetts Lowell,https://www.topuniversities.com/sites/default/files/university-of-massachusetts-lowell-_592560cf2aeae70239af537b_small.jpg,North America,0101000020E6100000E9B7AF03E7D451C0DDB5847CD0534540
897,United States,Oxford,University of Mississippi,https://www.topuniversities.com/sites/default/files/university-of-mississippi_592560cf2aeae70239af536f_small.jpg,North America,0101000020E6100000BC96900F7A6256C0F46C567DAE2E4140
898,United States,Scranton,University of Scranton,https://www.topuniversities.com/sites/default/files/university-of-scranton_5c876d735c52f3048e1f023c_small.jpg,North America,0101000020E610000011C7BAB88DEA52C0B29DEFA7C6B34440
899,United States,San Antonio,University of Texas at San Antonio,https://www.topuniversities.com/sites/default/files/university-of-texas-at-san-antonio_592560cf2aeae70239af5379_small.jpg,North America,0101000020E61000006B9A779CA2A758C0F7065F984C953D40
900,United States,Milwaukee,University of Wisconsin Milwaukee,https://www.topuniversities.com/sites/default/files/university-of-wisconsin-milwaukee-_592560cf2aeae70239af5346_small.jpg,North America,0101000020E610000014AE47E17AF855C0D26F5F07CE894540
901,United States,Muncie,Ball State University,https://www.topuniversities.com/sites/default/files/ball-state-university_592560cf2aeae70239af517c_small.jpg,North America,0101000020E6100000273108AC1C5A55C00BB5A679C7194440
902,United States,Boise,Boise State University,https://www.topuniversities.com/sites/default/files/boise-state-university_592560cf2aeae70239af5383_small.jpg,North America,0101000020E6100000295C8FC2F50C5DC077BE9F1A2FCD4540
903,United States,Indianapolis,Butler University,https://www.topuniversities.com/sites/default/files/butler-university_592560e09988f300e2320b86_small.jpg,North America,0101000020E610000082734694F68A55C02497FF907EEB4340
904,United States,New York City,The City College of New York,https://www.topuniversities.com/sites/default/files/Webp.net-resizeimage-2021-04-22T134242.136-48x48.jpg,North America,0101000020E6100000A2B437F8C27C52C046B6F3FDD4684440
905,United States,Pomona,California State Polytechnic University - Pomona,https://www.topuniversities.com/sites/default/files/california-state-polytechnic-university-pomona_592560e79988f300e2322092_small.jpg,North America,0101000020E6100000E3C798BB96745DC0AC1C5A643B074140
906,United States,Los Angeles,California State University - Los Angeles,https://www.topuniversities.com/sites/default/files/california-state-university-los-angeles_592560e79988f300e232207f_small.jpg,North America,0101000020E610000074B515FBCB8A5DC01B0DE02D90084140
907,United States,Washington D.C.,The Catholic University of America,https://www.topuniversities.com/sites/default/files/the-catholic-university-of-america_592560e09988f300e2320cf0_small.jpg,North America,0101000020E610000088855AD3BC3F53C0F31FD26F5F774340
908,United States,Honolulu,Chaminade University of Honolulu,https://www.topuniversities.com/sites/default/files/chaminade-university-of-honolulu_592560e79988f300e2321fd1_small.jpg,North America,0101000020E6100000EEEBC03923BA63C0CE1951DA1B4C3540
909,United States,Staten Island,CUNY College of Staten Island,https://www.topuniversities.com/sites/default/files/cuny-college-of-staten-island_5c8125f710ca605c2865f734_small.jpg,North America,0101000020E610000004560E2DB28952C0A245B6F3FD4C4440
910,United States,Omaha,Creighton University,https://www.topuniversities.com/sites/default/files/creighton-university_592560df9988f300e23209b0_small.jpg,North America,0101000020E6100000CD3B4ED191FC57C0992A1895D4A14440
911,United States,River Forest,Dominican University,https://www.topuniversities.com/sites/default/files/dominican-university_592560e19988f300e2320ff8_small.jpg,North America,0101000020E610000055C1A8A44EF455C044FAEDEBC0F14440
912,United States,Greenville,East Carolina University,https://www.topuniversities.com/sites/default/files/east-carolina-university_592560cf2aeae70239af5185_small.jpg,North America,0101000020E6100000FA7E6ABC745753C03D9B559FABCD4140
913,United States,Fairfield,Fairfield University,https://www.topuniversities.com/sites/default/files/fairfield-university_592560e79988f300e2322061_small.jpg,North America,0101000020E6100000448B6CE7FB5152C0BC0512143F964440
914,United States,Boca Raton,Florida Atlantic University - Boca Raton,https://www.topuniversities.com/sites/default/files/florida-atlantic-university-boca-raton_592560cf2aeae70239af5189_small.jpg,North America,0101000020E61000005839B4C8760654C0AC1C5A643B5F3A40
915,United States,Honolulu,Hawaii Pacific University,https://www.topuniversities.com/sites/default/files/hawaii-pacific-university_592560cf2aeae70239af4b82_small.jpg,North America,0101000020E6100000B6F3FDD478BB63C0705F07CE19513540
916,United States,Immaculata,Immaculata University,https://www.topuniversities.com/sites/default/files/immaculata-university_592560cf2aeae70239af518f_small.jpg,North America,0101000020E61000008638D6C56DE452C04182E2C798034440
917,United States,Ithaca,Ithaca College,https://www.topuniversities.com/sites/default/files/ithaca-college_5c821bd75c52f35e6a4e251d_small.jpg,North America,0101000020E6100000304CA60A462153C0D9CEF753E3354540
918,United States,Philadelphia,La Salle University,https://www.topuniversities.com/sites/default/files/la-salle-university_592560df9988f300e2320938_small.jpg,North America,0101000020E6100000B515FBCBEEC952C0772D211FF4044440
919,United States,Baton Rouge,Louisiana State University,https://www.topuniversities.com/sites/default/files/211217042229pm466378LSU-Logo-48x48.jpg,North America,0101000020E6100000EC51B81E85CB56C0D26F5F07CE693E40
920,United States,Milwaukee,Marquette University,https://www.topuniversities.com/sites/default/files/marquette-university_592560cf2aeae70239af4dac_small.jpg,North America,0101000020E61000008195438B6CFB55C03EE8D9ACFA844540
921,United States,Arlington,Marymount University,https://www.topuniversities.com/sites/default/files/marymount-university_592560cf2aeae70239af5300_small.jpg,North America,0101000020E610000017B7D100DE4653C0613255302A714340
922,United States,Starkville,Mississippi State University,https://www.topuniversities.com/sites/default/files/mississippi-state-university_592560cf2aeae70239af5196_small.jpg,North America,0101000020E61000005F29CB10C73256C01904560E2DBA4040
923,United States,Bozeman,Montana State University,https://www.topuniversities.com/sites/default/files/montana-state-university_592560cf2aeae70239af5197_small.jpg,North America,0101000020E6100000FAEDEBC039C35BC04C37894160D54640
924,United States,Fargo,North Dakota State University,https://www.topuniversities.com/sites/default/files/Webp.net-resizeimage-81-2-48x48.jpg,North America,0101000020E610000008AC1C5A643358C0894160E5D0724740
925,United States,DeKalb,Northern Illinois University,https://www.topuniversities.com/sites/default/files/northern-illinois-university-college-of-business_592560cf2aeae70239af519f_small.jpg,North America,0101000020E6100000A857CA32C43156C0F2B0506B9AF74440
926,United States,Norfolk,Old Dominion University,https://www.topuniversities.com/sites/default/files/old-dominion-university_592560cf2aeae70239af51a2_small.jpg,North America,0101000020E61000002BF697DD931353C00C93A98251714240
928,United States,Chicago,Roosevelt University,https://www.topuniversities.com/sites/default/files/roosevelt-university_592560e19988f300e2320e48_small.jpg,North America,0101000020E6100000AA60545227E855C055302AA913F04440
929,United States,Geneseo,State University of New York at Geneseo,https://www.topuniversities.com/sites/default/files/state-university-of-new-york-at-geneseo_592560e09988f300e2320b8c_small.jpg,North America,0101000020E6100000545227A0897453C0598638D6C5654540
930,United States,New Paltz,SUNY New Paltz,https://www.topuniversities.com/sites/default/files/Webp.net-resizeimage-88-48x48.jpg,North America,0101000020E6100000A8C64B37898552C03B014D840DDF4440
931,United States,Seattle,Seattle Pacific University,https://www.topuniversities.com/sites/default/files/seattle-pacific-university_592560e09988f300e2320ae2_small.jpg,North America,0101000020E61000006DE7FBA9F1965EC017D9CEF753D34740
932,United States,Rohnert Park,Sonoma State University,https://www.topuniversities.com/sites/default/files/sonoma-state-university_5c8659fb5c52f35e994cf864_small.jpg,North America,0101000020E610000002BC051214AB5EC02497FF907E2B4340
933,United States,Oswego,SUNY Oswego,https://www.topuniversities.com/sites/default/files/suny-oswego_592560de9988f300e232086e_small.jpg,North America,0101000020E610000050FC1873D72253C06F1283C0CAB94540
934,United States,San Marcos,Texas State University,https://www.topuniversities.com/sites/default/files/texas-state-university_5b76d7789ed41913d548b968_small.jpg,North America,0101000020E610000063EE5A423E7C58C017D9CEF753E33D40
935,United States,Anchorage,University of Alaska Anchorage,https://www.topuniversities.com/sites/default/files/university-of-alaska-anchorage_592560e79988f300e23220a1_small.jpg,North America,0101000020E6100000A60A462575BA62C0C74B378941984E40
936,United States,Fairbanks,University of Alaska Fairbanks,https://www.topuniversities.com/sites/default/files/university-of-alaska-fairbanks_592560cf2aeae70239af51b6_small.jpg,North America,0101000020E6100000F853E3A59B7A62C0744694F606375040
937,United States,Newark,New Jersey Institute of Technology (NJIT),https://www.topuniversities.com/sites/default/files/new-jersey-institute-of-technology-njit_592560cf2aeae70239af5376_small.jpg,North America,0101000020E6100000BADA8AFD658B52C010E9B7AF035F4440
942,United States,Newark,University of Delaware,https://www.topuniversities.com/sites/default/files/220714055424am282888Del-logo-48x48.jpg,North America,0101000020E61000002B1895D409F052C0105839B4C8D64340
943,United States,Stockton,University of the Pacific,https://www.topuniversities.com/sites/default/files/university-of-the-pacific_592560cf2aeae70239af4c6b_small.jpg,North America,0101000020E6100000158C4AEA04545EC0F7E461A1D6FC4240
945,United States,Honolulu,University of Hawaiʻi at Mānoa,https://www.topuniversities.com/sites/default/files/university-of-hawaii-at-maoa_255_small.jpg,North America,0101000020E6100000F931E6AE25BA63C0B22E6EA3014C3540
946,United States,San Diego,San Diego State University,https://www.topuniversities.com/sites/default/files/san-diego-state-university_1830_small.jpg,North America,0101000020E6100000CD3B4ED191445DC088635DDC46634040
948,United States,Norman,University of Oklahoma,https://www.topuniversities.com/sites/default/files/university-of-oklahoma_467_small.jpg,North America,0101000020E6100000DC68006F815C58C06E3480B7409A4140
949,United States,Waco,Baylor University,https://www.topuniversities.com/sites/default/files/baylor-university_804_small.jpg,North America,0101000020E6100000AF946588634958C05BB1BFEC9E8C3F40
950,United States,Williamsburg,College of William and Mary,https://www.topuniversities.com/sites/default/files/college-of-william-mary_592560cf2aeae70239af4b08_small.jpg,North America,0101000020E6100000E17A14AE472D53C07B832F4CA6A24240
952,United States,Orlando,University of Central Florida,https://www.topuniversities.com/sites/default/files/university-of-central-florida_209_small.jpg,North America,0101000020E61000007FFB3A70CE4C54C0431CEBE2369A3C40
953,United States,Cincinnati,University of Cincinnati,https://www.topuniversities.com/sites/default/files/university-of-cincinnati_129_small.jpg,North America,0101000020E6100000295C8FC2F52055C0B7D100DE02914340
955,United States,Knoxville,The University of Tennessee, Knoxville",https://www.topuniversities.com/sites/default/files/the-university-of-tennessee-knoxville_603_small.jpg,North America,0101000020E6100000575BB1BFECFA54C0D044D8F0F4FA4140
957,United States,Chicago,DePaul University,https://www.topuniversities.com/sites/default/files/depaul-university_592560cf2aeae70239af5183_small.jpg,North America,0101000020E6100000849ECDAACFE955C0F54A598638F64440
958,United States,Miami,Florida International University,https://www.topuniversities.com/sites/default/files/florida-international-university_592560cf2aeae70239af4b55_small.jpg,North America,0101000020E610000032E6AE25E41754C08B6CE7FBA9C13940
959,United States,Atlanta,Georgia State University,https://www.topuniversities.com/sites/default/files/georgia-state-university_592560cf2aeae70239af4b65_small.jpg,North America,0101000020E610000086C954C1A81855C00E4FAF9465E04040
960,United States,Portland,Portland State University,https://www.topuniversities.com/sites/default/files/portland-state-university_592560cf2aeae70239af51a6_small.jpg,North America,0101000020E6100000C139234A7BAB5EC0C4B12E6EA3C14640
961,United States,Rochester,Rochester Institute of Technology (RIT),https://www.topuniversities.com/sites/default/files/rochester-institute-of-technology-rit_592560cf2aeae70239af5343_small.jpg,North America,0101000020E6100000BA490C022B6B53C0B459F5B9DA8A4540
962,United States,Louisville,University of Louisville College of Business,https://www.topuniversities.com/sites/default/files/louisville-48x48.jpg,North America,0101000020E6100000462575029A7055C008AC1C5A641B4340
963,United States,Lincoln,University of Nebraska - Lincoln,https://www.topuniversities.com/sites/default/files/university-of-nebraska-lincoln_819_small.jpg,North America,0101000020E610000046B6F3FDD42C58C0F0164850FC684440
964,United States,Durham,University of New Hampshire,https://www.topuniversities.com/sites/default/files/university-of-new-hampshire_592560cf2aeae70239af51c1_small.jpg,North America,0101000020E6100000C05B2041F1BB51C00BB5A679C7914540
965,United States,Denton,University of North Texas,https://www.topuniversities.com/sites/default/files/university-of-north-texas_592560cf2aeae70239af51c3_small.jpg,North America,0101000020E61000003FC6DCB5844858C02497FF907E9B4040
966,United States,Eugene,University of Oregon,https://www.topuniversities.com/sites/default/files/university-of-oregon_592560cf2aeae70239af4c58_small.jpg,North America,0101000020E6100000226C787AA5C45EC02F6EA301BC054640
967,United States,San Francisco,University of San Francisco,https://www.topuniversities.com/sites/default/files/university-of-san-francisco_592560cf2aeae70239af4d4a_small.jpg,North America,0101000020E6100000A913D044D89C5EC008AC1C5A64E34240
968,United States,Columbia,University of South Carolina,https://www.topuniversities.com/sites/default/files/university-of-south-carolina_539_small.jpg,North America,0101000020E610000004560E2DB24154C0560E2DB29DFF4040
974,United States,Columbia,University of Missouri, Columbia",https://www.topuniversities.com/sites/default/files/university-of-missouri-columbia_409_small.jpg,North America,0101000020E61000008CB96B09F91457C04694F6065F784340
975,United States,Burlington,University of Vermont,https://www.topuniversities.com/sites/default/files/university-of-vermont_808_small.jpg,North America,0101000020E61000007F6ABC74934C52C0228E75711B3D4640
977,United States,Washington D.C.,American University,https://www.topuniversities.com/sites/default/files/american-university_17_small.jpg,North America,0101000020E61000003D9B559FAB4553C0E4141DC9E5774340
978,United States,Waltham,Bentley University,https://www.topuniversities.com/sites/default/files/bentley-university_592560cf2aeae70239af5815_small.jpg,North America,0101000020E610000003780B2428CE51C0992A1895D4314540
981,United States,Los Angeles,Loyola Marymount University,https://www.topuniversities.com/sites/default/files/loyola-marymount-university_592560cf2aeae70239af561c_small.jpg,North America,0101000020E6100000105839B4C89A5DC095D4096822FC4040
983,United States,Tuscaloosa,The University of Alabama,https://www.topuniversities.com/sites/default/files/university-of-alabama_592560cf2aeae70239af4a91_small.jpg,North America,0101000020E61000008351499D80E255C02497FF907E9B4040
986,United States,Richmond,Virginia Commonwealth University,https://www.topuniversities.com/sites/default/files/virginia-commonwealth-university_654_small.jpg,North America,0101000020E61000008CB96B09F95C53C0CA32C4B12EC64240
987,United States,Morgantown,West Virginia University,https://www.topuniversities.com/sites/default/files/west-virginia-university_592560cf2aeae70239af531c_small.jpg,North America,0101000020E6100000C58F31772DFD53C0B6F3FDD478D14340
990,United States,Houghton,Michigan Technological University,https://www.topuniversities.com/sites/default/files/michigan-technological-university_1810_small.jpg,North America,0101000020E6100000F4FDD478E92256C0BBB88D06F08E4740
991,United States,Glassboro,Rowan University,https://www.topuniversities.com/sites/default/files/rowan-university_5c864fa25c52f35e6a4e267e_small.jpg,North America,0101000020E6100000C7293A92CBC752C0B459F5B9DADA4340
995,United States,Denver,University of Colorado, Denver",https://www.topuniversities.com/sites/default/files/university-of-colorado-denver_2116_small.jpg,North America,0101000020E610000093A9825149415AC048BF7D1D38DF4340
997,United States,New York City,Manhattan College,https://www.topuniversities.com/sites/default/files/Webp.net-resizeimage-96-48x48.jpg,North America,0101000020E61000001283C0CAA17952C0B6847CD0B3714440
998,United States,Baltimore,Morgan State University,https://www.topuniversities.com/sites/default/files/Webp.net-resizeimage-80-48x48.jpg,North America,0101000020E6100000AF946588632553C06ABC749318AC4340
999,United States,Chicago,Northeastern Illinois University,https://www.topuniversities.com/sites/default/files/Webp.net-resizeimage-2021-04-22T135212.581-48x48.jpg,North America,0101000020E6100000C442AD69DEED55C03D0AD7A370FD4440
1000,United States,Baltimore,Notre Dame of Maryland University,https://www.topuniversities.com/sites/default/files/notre-dame-of-maryland-university_5c862d935c52f35e994cf806_small.jpg,North America,0101000020E610000017D9CEF7532753C08351499D80AE4340
1001,United States,Rochester,Oakland University,https://www.topuniversities.com/sites/default/files/oakland-university_592560cf2aeae70239af51a0_small.jpg,North America,0101000020E6100000B6847CD0B3CD54C0933A014D84554540
1002,United States,Tahoma,Pacific Lutheran University,https://www.topuniversities.com/sites/default/files/pacific-lutheran-university_592560de9988f300e23206ec_small.jpg,North America,0101000020E6100000DF4F8D976E9E5EC00A68226C78924740
1003,United States,Providence,Providence College,https://www.topuniversities.com/sites/default/files/providence-college_5c864bb010ca605c8c654c8c_small.jpg,North America,0101000020E61000008FE4F21FD2DB51C0143FC6DCB5EC4440
1004,United States,Denver,Regis University,https://www.topuniversities.com/sites/default/files/regis-university_592560cf2aeae70239af4c8b_small.jpg,North America,0101000020E6100000840D4FAF94415AC0840D4FAF94E54340
1005,United States,Brockport,SUNY Brockport,https://www.topuniversities.com/sites/default/files/suny-brockport_592560e09988f300e2320b98_small.jpg,North America,0101000020E6100000D656EC2FBB7B53C088855AD3BC9B4540
1006,United States,Fredonia,State University of New York at Fredonia,https://www.topuniversities.com/sites/default/files/state-university-of-new-york-at-fredonia_592560e09988f300e2320b8e_small.jpg,North America,0101000020E6100000B7627FD93DD553C00E4FAF9465384540
1007,United States,Oneonta,SUNY Oneonta,https://www.topuniversities.com/sites/default/files/suny-oneonta_592560e09988f300e2320ba6_small.jpg,North America,0101000020E610000055302AA913C452C0A779C7293A3A4540
1008,United States,Moraga,Saint Mary's College of California,https://www.topuniversities.com/sites/default/files/saint-marys-college-of-california_592560de9988f300e23206e2_small.jpg,North America,0101000020E610000048BF7D1D38875EC04FAF946588EB4240
1009,United States,Jersey City,Saint Peter's University,https://www.topuniversities.com/sites/default/files/Webp.net-resizeimage-2021-04-22T135717.177-48x48.jpg,North America,0101000020E610000000917EFB3A8452C033C4B12E6E5B4440
1010,United States,Brookings,South Dakota State University,https://www.topuniversities.com/sites/default/files/Webp.net-resizeimage-82-48x48.jpg,North America,0101000020E610000052499D80263258C062105839B4284640
1011,United States,Austin,St. Edward's University,https://www.topuniversities.com/sites/default/files/st.-edwards-university_592560e09988f300e2320b7e_small.jpg,North America,0101000020E6100000637FD93D797058C0D122DBF97E3A3E40
1012,United States,Fayetteville,University of Arkansas Fayetteville,https://www.topuniversities.com/sites/default/files/university-of-arkansas-fayetteville-_592560cf2aeae70239af534e_small.jpg,North America,0101000020E6100000D0D556EC2F8B57C0F085C954C1084240
1013,United States,Evansville,University of Evansville,https://www.topuniversities.com/sites/default/files/university-of-evansville_5c875b115c52f3048f39ab0d_small.jpg,North America,0101000020E6100000CA32C4B12EE255C0956588635DFC4240
1014,United States,Springfield,University of Illinois, Springfield (UIS)",https://www.topuniversities.com/sites/default/files/university-of-illinois-springfield-uis_592560cf2aeae70239af52ae_small.jpg,North America,0101000020E6100000D0B359F5B96656C0E8D9ACFA5CDD4340
1015,United States,La Verne,University of La Verne,https://www.topuniversities.com/sites/default/files/university-of-la-verne_592560cf2aeae70239af51bb_small.jpg,North America,0101000020E61000009A779CA223715DC0E9B7AF03E70C4140
1016,United States,Dartmouth,University of Massachusetts-Dartmouth,https://www.topuniversities.com/sites/default/files/Webp.net-resizeimage-2021-04-22T142334.914-1-48x48.jpg,North America,0101000020E6100000EB73B515FBBB51C0FF21FDF675D04440
1017,United States,New Haven,University of New Haven,https://www.topuniversities.com/sites/default/files/220714060113am645410Univ-of-New-Haven-logo-48x48.jpg,North America,0101000020E6100000567DAEB6623B52C0ACADD85F76A74440
1018,United States,Jacksonville,University of North Florida,https://www.topuniversities.com/sites/default/files/university-of-north-florida_592560e79988f300e2322040_small.jpg,North America,0101000020E6100000789CA223B96054C0A2B437F8C2443E40
1019,United States,Dahlonega,University of North Georgia,https://www.topuniversities.com/sites/default/files/Webp.net-resizeimage-2021-04-22T143435.254-48x48.jpg,North America,0101000020E610000097FF907EFBFE54C024B9FC87F4434140
1020,United States,Portland,University of Portland,https://www.topuniversities.com/sites/default/files/university-of-portland_592560de9988f300e23206ee_small.jpg,North America,0101000020E6100000DFE00B93A9AE5EC08CDB68006FC94640
1021,United States,Mobile,University of South Alabama (USA),https://www.topuniversities.com/sites/default/files/Webp.net-resizeimage-84-48x48.jpg,North America,0101000020E61000004850FC18730B56C06EA301BC05B23E40
1022,United States,Vermillion,University of South Dakota,https://www.topuniversities.com/sites/default/files/university-of-south-dakota_592560cf2aeae70239af51cc_small.jpg,North America,0101000020E6100000C1A8A44E403B58C0E9263108AC644540
1023,United States,Arlington,The University of Texas at Arlington,https://www.topuniversities.com/sites/default/files/QS_UTA-Logo-48x48.jpg,North America,0101000020E610000065AA6054524758C0AF946588635D4040
1024,United States,Eau Claire,University of Wisconsin - Eau Claire,https://www.topuniversities.com/sites/default/files/university-of-wisconsin-eau-claire_592560e79988f300e2321f92_small.jpg,North America,0101000020E6100000728A8EE4F2DF56C03CBD529621664640
1025,United States,Danbury,Western Connecticut State University,https://www.topuniversities.com/sites/default/files/western-connecticut-state-university_592560e79988f300e23220d3_small.jpg,North America,0101000020E6100000ACADD85F765B52C02B1895D409B84440
1026,United States,Kalamazoo,Western Michigan University,https://www.topuniversities.com/sites/default/files/western-michigan-university_592560cf2aeae70239af51ce_small.jpg,North America,0101000020E61000003B014D840D6755C0CEAACFD556244540
1027,United States,Wilkes-Barre,Wilkes University,https://www.topuniversities.com/sites/default/files/Webp.net-resizeimage-2021-04-22T143255.634-48x48.jpg,North America,0101000020E6100000D50968226CF852C0567DAEB6629F4440
1028,United States,Buffalo,Buffalo State College (SUNY),https://www.topuniversities.com/sites/default/files/Webp.net-resizeimage-87-48x48.jpg,North America,0101000020E61000009C33A2B437B853C05396218E75714540
1029,United States,San Luis Obispo,California Polytechnic State University,https://www.topuniversities.com/sites/default/files/california-polytechnic-state-university_592560cf2aeae70239af5348_small.jpg,North America,0101000020E610000066666666662A5EC0D7A3703D0AA74140
1030,United States,Turlock,California State University - Stanislaus,https://www.topuniversities.com/sites/default/files/california-state-university-stanislaus_592560e09988f300e2320c38_small.jpg,North America,0101000020E6100000BC0512143F365EC07B14AE47E1C24240
1031,United States,Carson,California State University Dominguez Hills,https://www.topuniversities.com/sites/default/files/california-state-university-dominguez-hills_592560de9988f300e23206b2_small.jpg,North America,0101000020E6100000DC68006F81905DC00EBE30992AF04040
1032,United States,Kenosha,Carthage College,https://www.topuniversities.com/sites/default/files/Webp.net-resizeimage-2021-04-22T132146.790-48x48.jpg,North America,0101000020E6100000545227A089F455C09D11A5BDC14F4540
1033,United States,Mount Pleasant,Central Michigan University,https://www.topuniversities.com/sites/default/files/central-michigan-university_592560cf2aeae70239af517f_small.jpg,North America,0101000020E610000061545227A03155C087A757CA32CC4540
1034,United States,Philadelphia,Chestnut Hill College,https://www.topuniversities.com/sites/default/files/chestnut-hill-college_5c811d5710ca605c2739f6d3_small.jpg,North America,0101000020E61000001CEBE2361ACC52C045D8F0F44A094440
1035,United States,Memphis,Christian Brothers University,https://www.topuniversities.com/sites/default/files/Webp.net-resizeimage-2021-04-22T132327.901-48x48.jpg,North America,0101000020E61000009CA223B9FC7B56C0D6C56D34808F4140
1036,United States,Dover,Delaware State University,https://www.topuniversities.com/sites/default/files/delaware-state-university_592560e79988f300e232204d_small.jpg,North America,0101000020E6100000423EE8D9ACE252C0006F8104C5974340
1037,United States,Pittsburgh,Duquesne University,https://www.topuniversities.com/sites/default/files/duquesne-university_592560cf2aeae70239af5184_small.jpg,North America,0101000020E61000008195438B6CFF53C0F241CF66D5374440
1038,United States,St. Davids,Eastern University,https://www.topuniversities.com/sites/default/files/Webp.net-resizeimage-93-48x48.jpg,North America,0101000020E610000007CE1951DAC752C05B423EE8D9044440
1039,United States,Tallahassee,Florida Agricultural and Mechanical University,https://www.topuniversities.com/sites/default/files/florida-agricultural-and-mechanical-university_5c820f465c52f35e994cf5dc_small.jpg,North America,0101000020E6100000F5B9DA8AFD1155C0EC2FBB270F6B3E40
1040,United States,Melbourne,Florida Institute of Technology,https://www.topuniversities.com/sites/default/files/florida-institute-of-technology_592560cf2aeae70239af588d_small.jpg,North America,0101000020E61000006B2BF697DD2754C0A913D044D8103C40
1041,United States,Frostburg,Frostburg State University,https://www.topuniversities.com/sites/default/files/Webp.net-resizeimage-92-1-48x48.jpg,North America,0101000020E6100000D6C56D3480BB53C0B1BFEC9E3CD44340
1042,United States,Saint Paul,Hamline University,https://www.topuniversities.com/sites/default/files/Webp.net-resizeimage-79-48x48.jpg,North America,0101000020E6100000D712F241CF4A57C06ABC7493187C4640
1043,United States,Hampton,Hampton University,https://www.topuniversities.com/sites/default/files/hampton-university_5c8214405c52f35d9e77fe2c_small.jpg,North America,0101000020E6100000A1D634EF381553C0C286A757CA824240
1044,United States,Jacksonville,Jacksonville University,https://www.topuniversities.com/sites/default/files/Webp.net-resizeimage-91-48x48.jpg,North America,0101000020E6100000D8817346946654C041F163CC5D5B3E40
1045,United States,University Heights,John Carroll University,https://www.topuniversities.com/sites/default/files/john-carroll-university_5c821c835c52f35d9e77fe48_small.jpg,North America,0101000020E6100000849ECDAACF6154C0D881734694BE4440
1046,United States,Wilkes-Barre,King's College,https://www.topuniversities.com/sites/default/files/kings-college_5c8222e010ca605c2739f7f9_small.jpg,North America,0101000020E6100000BF7D1D3867F852C00F0BB5A6799F4440
1047,United States,Beaumont,Lamar University,https://www.topuniversities.com/sites/default/files/Webp.net-resizeimage-86-48x48.jpg,North America,0101000020E61000000612143FC68457C010E9B7AF03073E40
1048,United States,Southfield,Lawrence Technological University,https://www.topuniversities.com/sites/default/files/lawrence-technological-university_592560cf2aeae70239af579c_small.jpg,North America,0101000020E6100000EBE2361AC0CF54C0E86A2BF6973D4540
1049,United States,Boca Raton,Lynn University,https://www.topuniversities.com/sites/default/files/Webp.net-resizeimage-94-48x48.jpg,North America,0101000020E61000008A1F63EE5A0654C0569FABADD84F3A40
1050,United States,Livonia,Madonna University,https://www.topuniversities.com/sites/default/files/madonna-university_592560cf2aeae70239af56a0_small.jpg,North America,0101000020E610000032E6AE25E4D754C099BB96900F324540
1051,United States,Purchase,Manhattanville College,https://www.topuniversities.com/sites/default/files/manhattanville-college_5c86026410ca6067ba7e02ca_small.jpg,North America,0101000020E6100000E17A14AE476D52C06ADE718A8E844440
1052,United States,Poughkeepsie,Marist College,https://www.topuniversities.com/sites/default/files/marist-college_592560cf2aeae70239af5767_small.jpg,North America,0101000020E6100000F90FE9B7AF7B52C0F853E3A59BDC4440
1053,United States,Macon,Mercer University,https://www.topuniversities.com/sites/default/files/mercer-university_592560cf2aeae70239af555d_small.jpg,North America,0101000020E6100000363CBD5296E954C08A1F63EE5A6A4040
1054,United States,New York City,Mount St Mary's College,https://www.topuniversities.com/sites/default/files/Webp.net-resizeimage-83-48x48.jpg,North America,0101000020E6100000DC4603780B7C52C0F853E3A59B6C4440
1055,United States,Rochester,Nazareth College,https://www.topuniversities.com/sites/default/files/nazareth-college_592560e89988f300e23223f7_small.jpg,North America,0101000020E61000002CD49AE61D6753C097900F7A368B4540
1056,United States,Niagara Falls,Niagara University,https://www.topuniversities.com/sites/default/files/niagara-university_592560e79988f300e23220b0_small.jpg,North America,0101000020E61000006E3480B740C253C0D3DEE00B93914540
1057,United States,San Antonio,Our Lady of the Lake University,https://www.topuniversities.com/sites/default/files/our-lady-of-the-lake-university_5c86499710ca6067ba7e0356_small.jpg,North America,0101000020E6100000FA7E6ABC749F58C0780B24287E6C3D40
1058,United States,Radford,Radford University,https://www.topuniversities.com/sites/default/files/radford-university_592560e09988f300e2320b16_small.jpg,North America,0101000020E6100000D7A3703D0A2354C0280F0BB5A6914240
1059,United States,Cortland,SUNY Cortland,https://www.topuniversities.com/sites/default/files/suny-cortland_592560e09988f300e2320b94_small.jpg,North America,0101000020E61000002BF697DD930B53C0C0EC9E3C2C4C4540
1060,United States,Plattsburgh,SUNY Plattsburgh,https://www.topuniversities.com/sites/default/files/Webp.net-resizeimage-89-48x48.jpg,North America,0101000020E6100000E7FBA9F1D25D52C0C5FEB27BF2584640
1061,United States,Potsdam,SUNY Potsdam,https://www.topuniversities.com/sites/default/files/suny-potsdam_592560e09988f300e2320baa_small.jpg,North America,0101000020E6100000174850FC18BF52C03D9B559FAB554640
1062,United States,Salisbury,Salisbury University,https://www.topuniversities.com/sites/default/files/salisbury-university_592560e09988f300e2320b10_small.jpg,North America,0101000020E61000007CF2B0506BE652C0D712F241CF2E4340
1063,United States,Huntsville,Sam Houston State University,https://www.topuniversities.com/sites/default/files/Webp.net-resizeimage-2021-04-22T140353.140-1-48x48.jpg,North America,0101000020E6100000B3EA73B515E357C0645DDC4603B83E40
1064,United States,Winchester,Shenandoah University,https://www.topuniversities.com/sites/default/files/shenandoah-university_5c86578b5c52f36812247594_small.jpg,North America,0101000020E6100000A60A4625758A53C0006F8104C5974340
1065,United States,Towson,Towson University,https://www.topuniversities.com/sites/default/files/towson-university_5c8756285c52f3048f39ab05_small.jpg,North America,0101000020E6100000DE9387855A2753C0DF4F8D976EB24340
1066,United States,Kirksville,Truman State University,https://www.topuniversities.com/sites/default/files/truman-state-university_5c875a125c52f3048e1f021d_small.jpg,North America,0101000020E61000006FF085C9542557C01B9E5E29CB184440
1067,United States,Mangilao,University of Guam,https://www.topuniversities.com/sites/default/files/university-of-guam_592560e79988f300e2321f7d_small.jpg,North America,0101000020E61000009A999999991962400000000000002B40
1068,United States,Flint,University of Michigan-Flint,https://www.topuniversities.com/sites/default/files/university-of-michigan-flint_5c876b545c52f3060f614106_small.jpg,North America,0101000020E61000000000000000EC54C09A99999999814540
1069,United States,Missoula,University of Montana Missoula,https://www.topuniversities.com/sites/default/files/university-of-montana-missoula_2260_small.jpg,North America,0101000020E6100000D7A3703D0A7F5CC0AE47E17A146E4740
1070,United States,Omaha,University of Nebraska – Omaha,https://www.topuniversities.com/sites/default/files/Webp.net-resizeimage-97-48x48.jpg,North America,0101000020E6100000158C4AEA04FC57C0705F07CE19A14440
1071,United States,Wilmington,University of North Carolina Wilmington,https://www.topuniversities.com/sites/default/files/university-of-north-carolina-wilmington_592560cf2aeae70239af57c1_small.jpg,North America,0101000020E61000003255302AA97753C0865AD3BCE31C4140
1072,United States,Grand Forks,University of North Dakota,https://www.topuniversities.com/sites/default/files/university-of-north-dakota_592560cf2aeae70239af51c4_small.jpg,North America,0101000020E6100000C3D32B65194258C0917EFB3A70F64740
1073,United States,Tampa,The University of Tampa,https://www.topuniversities.com/sites/default/files/the-university-of-tampa_592560de9988f300e23206ad_small.jpg,North America,0101000020E6100000764F1E166A9D54C01904560E2DF23B40
1074,United States,San Antonio,University of the Incarnate Word,https://www.topuniversities.com/sites/default/files/Webp.net-resizeimage-2021-04-22T142856.968-48x48.jpg,North America,0101000020E6100000A4DFBE0E9C9F58C0CDCCCCCCCC6C3D40
1075,United States,Logan,Utah State University,https://www.topuniversities.com/sites/default/files/utah-state-university-_592560cf2aeae70239af51cb_small.jpg,North America,0101000020E6100000789CA223B9F45BC07593180456DE4440
1076,United States,Waynesburg,Waynesburg University,https://www.topuniversities.com/sites/default/files/waynesburg-university_5c87729e10ca60036e108ab0_small.jpg,North America,0101000020E61000000F0BB5A6790B54C0986E1283C0F24340
1077,United States,Wichita,Wichita State University,https://www.topuniversities.com/sites/default/files/wichita-state-university_592560cf2aeae70239af51cf_small.jpg,North America,0101000020E6100000FBCBEEC9C35258C040A4DFBE0EDC4240
1078,United States,New Orleans,Xavier University of Louisiana,https://www.topuniversities.com/sites/default/files/xavier-university-of-louisiana_5c878b065c52f3048f39abf9_small.jpg,North America,0101000020E6100000C286A757CA8656C0BC96900F7AF63D40