id,country,city,title,logo,region,Latitude,Longitude,Location
1,United States,Cambridge,Harvard University,https://www.topuniversities.com/sites/default/files/harvard-university_253_small.jpg,North America,,,POINT(42.365743249999994 -71.12221394207614)
2,United States,Stanford,Stanford University,https://www.topuniversities.com/sites/default/files/stanford-university_573_small.jpg,North America,,,POINT(37.431313849999995 -122.16936535498309)
3,United States,Cambridge,Massachusetts Institute of Technology (MIT) ,https://www.topuniversities.com/sites/default/files/massachusetts-institute-of-technology-mit_410_small.jpg,North America,,,POINT(42.3582529 -71.0966272383055)
4,United States,Berkeley,"University of California, Berkeley (UCB)",https://www.topuniversities.com/sites/default/files/university-of-california-berkeley-ucb_84_small.jpg,North America,,,POINT(None None)
5,United States,Los Angeles,"University of California, Los Angeles (UCLA)",https://www.topuniversities.com/sites/default/files/university-of-california-los-angeles-ucla_87_small.jpg,North America,,,POINT(None None)
6,United States,New Haven,Yale University,https://www.topuniversities.com/sites/default/files/yale-university_684_small.jpg,North America,,,POINT(41.25713055 -72.98966960152231)
7,United States,New York City,Columbia University,https://www.topuniversities.com/sites/default/files/211207010540pm571294Webp.net-resizeimage-2021-12-07T150514.382-48x48.jpg,North America,,,POINT(40.80775585 -73.96161411567529)
8,United States,Princeton,Princeton University,https://www.topuniversities.com/sites/default/files/princeton-university_508_small.jpg,North America,,,POINT(40.33867515 -74.65836549131683)
9,United States,New York City,New York University (NYU),https://www.topuniversities.com/sites/default/files/new-york-university-nyu_448_small.jpg,North America,,,POINT(40.729205300000004 -73.99501481290962)
10,United States,Philadelphia,University of Pennsylvania,https://www.topuniversities.com/sites/default/files/university-of-pennsylvania_495_small.jpg,North America,,,POINT(39.950394450000005 -75.19467130666834)
11,United States,Chicago,University of Chicago,https://www.topuniversities.com/sites/default/files/university-of-chicago_120_small.jpg,North America,,,POINT(41.79139685 -87.60084387193544)
12,United States,Ithaca,Cornell University,https://www.topuniversities.com/sites/default/files/cornell-university_143_small.jpg,North America,,,POINT(42.4529076 -76.48008423030923)
13,United States,Durham,Duke University,https://www.topuniversities.com/sites/default/files/duke-university_168_small.jpg,North America,,,POINT(36.00015569999999 -78.94422972195878)
14,United States,Baltimore,Johns Hopkins University,https://www.topuniversities.com/sites/default/files/johns-hopkins-university_305_small.jpg,North America,,,POINT(39.33020225 -76.62185357858337)
15,United States,Los Angeles,University of Southern California,https://www.topuniversities.com/sites/default/files/university-of-southern-california_569_small.jpg,North America,,,POINT(34.02186895 -118.285857923125)
16,United States,Evanston,Northwestern University,https://www.topuniversities.com/sites/default/files/northwestern-university_592560cf2aeae70239af4c50_small.jpg,North America,,,POINT(42.0557157 -87.67529454739416)
17,United States,Pittsburgh,Carnegie Mellon University,https://www.topuniversities.com/sites/default/files/carnegie-mellon-university_101_small.jpg,North America,,,POINT(40.444189699999995 -79.94271918393466)
18,United States,Ann Arbor,University of Michigan-Ann Arbor,https://www.topuniversities.com/sites/default/files/university-of-michigan_403_small.jpg,North America,,,POINT(42.2942142 -83.71003893509601)
19,United States,Providence,Brown University,https://www.topuniversities.com/sites/default/files/brown-university_72_small.jpg,North America,,,POINT(41.8186395 -71.4088008716793)
20,United States,Boston,Boston University,https://www.topuniversities.com/sites/default/files/boston-university_592560cf2aeae70239af4ac2_small.jpg,North America,,,POINT(42.350421499999996 -71.10322831831216)
21,United States,Pasadena,California Institute of Technology (Caltech),https://www.topuniversities.com/sites/default/files/california-institute-of-technology-caltech_94_small.jpg,North America,,,POINT(34.13701375 -118.12528833668254)
22,United States,Atlanta,Emory University,https://www.topuniversities.com/sites/default/files/emory-university_185_small.jpg,North America,,,POINT(33.80045465 -84.31723780466274)
23,United States,Houston,Rice University,https://www.topuniversities.com/sites/default/files/rice-university_524_small.jpg,North America,,,POINT(29.716791450000002 -95.40478113393792)
24,United States,Seattle,University of Washington,https://www.topuniversities.com/sites/default/files/university-of-washington_592560cf2aeae70239af4d1e_small.jpg,North America,,,POINT(47.6554303 -122.30016924820552)
25,United States,St. Louis,Washington University in St. Louis,https://www.topuniversities.com/sites/default/files/washington-university-in-st.-louis_668_small.jpg,North America,,,POINT(38.64724015 -90.30840171586841)
26,United States,Washington D.C.,Georgetown University,https://www.topuniversities.com/sites/default/files/220714055746am997087Georgetown-48x48.jpg,North America,,,POINT(38.90893925 -77.07457962060826)
27,United States,San Diego,"University of California, San Diego (UCSD)",https://www.topuniversities.com/sites/default/files/university-of-california-san-diego-ucsd_89_small.jpg,North America,,,POINT(32.8785324 -117.2265043)
28,United States,Nashville,Vanderbilt University,https://www.topuniversities.com/sites/default/files/vanderbilt-university_649_small.jpg,North America,,,POINT(36.14380105 -86.80281889095295)
29,United States,Austin,University of Texas at Austin,https://www.topuniversities.com/sites/default/files/university-of-texas-at-austin_604_small.jpg,North America,,,POINT(30.2851494 -97.73393515146053)
30,United States,Champaign,University of Illinois at Urbana-Champaign,https://www.topuniversities.com/sites/default/files/university-of-illinois-at-urbana-champaign_2090_small.jpg,North America,,,POINT(40.090629199999995 -88.17641799034426)
31,United States,Rochester,University of Rochester,https://www.topuniversities.com/sites/default/files/university-of-rochester_592560cf2aeae70239af4c96_small.jpg,North America,,,POINT(43.129864 -77.62878399245412)
32,United States,Hanover,Dartmouth College,https://www.topuniversities.com/sites/default/files/dartmouth-college_592560cf2aeae70239af4b1c_small.jpg,North America,,,POINT(43.70467565 -72.29420886774966)
33,United States,Chapel Hill,University of North Carolina at Chapel Hill,https://www.topuniversities.com/sites/default/files/university-of-north-carolina-chapel-hill_424_small.jpg,North America,,,POINT(35.90503535 -79.04775326525107)
34,United States,Davis,"University of California, Davis",https://www.topuniversities.com/sites/default/files/university-of-california-davis_592560cf2aeae70239af4ad8_small.jpg,North America,,,POINT(38.533790350000004 -121.79075439946112)
35,United States,Gainesville,University of Florida,https://www.topuniversities.com/sites/default/files/university-of-florida_212_small.jpg,North America,,,POINT(29.6411884 -82.35622955129917)
36,United States,Medford,Tufts University,https://www.topuniversities.com/sites/default/files/tufts-university_630_small.jpg,North America,,,POINT(42.40649125 -71.11800725402092)
37,United States,Chicago,University of Illinois at Chicago (UIC),https://www.topuniversities.com/sites/default/files/university-of-illinois-chicago-uic_592560cf2aeae70239af4b9a_small.jpg,North America,,,POINT(41.868922299999994 -87.64858476010119)
38,United States,Atlanta,Georgia Institute of Technology,https://www.topuniversities.com/sites/default/files/georgia-institute-of-technology_225_small.jpg,North America,,,POINT(33.776094799999996 -84.3988076699857)
39,United States,Stony Brook,"Stony Brook University, State University of New York",https://www.topuniversities.com/sites/default/files/stony-brook-university-state-university-of-new-york_592560cf2aeae70239af4ccb_small.jpg,North America,,,POINT(40.8997186 -73.13594829809685)
40,United States,Charlottesville,University of Virginia,https://www.topuniversities.com/sites/default/files/university-of-virginia_656_small.jpg,North America,,,POINT(38.0410576 -78.50550841214823)
41,United States,Cleveland,Case Western Reserve University,https://www.topuniversities.com/sites/default/files/case-western-reserve-university_102_small.jpg,North America,,,POINT(41.50138695 -81.60070216600491)
42,United States,New Brunswick,Rutgers University–New Brunswick,https://www.topuniversities.com/sites/default/files/rutgers-university-new-brunswick_538_small.jpg,North America,,,POINT(40.492977800000006 -74.44510808059266)
43,United States,Santa Barbara,"University of California, Santa Barbara (UCSB)",https://www.topuniversities.com/sites/default/files/university-of-california-santa-barbara-ucsb_91_small.jpg,North America,,,POINT(None None)
44,United States,University Park,Pennsylvania State University,https://www.topuniversities.com/sites/default/files/pennsylvania-state-university_494_small.jpg,North America,,,POINT(40.8025835 -77.85593833184565)
45,United States,Washington D.C.,George Washington University,https://www.topuniversities.com/sites/default/files/george-washington-university_223_small.jpg,North America,,,POINT(38.899893750000004 -77.04744828062584)
46,United States,Irvine,"University of California, Irvine",https://www.topuniversities.com/sites/default/files/university-of-california-irvine_86_small.jpg,North America,,,POINT(33.64294685 -117.84016055716225)
47,United States,Notre Dame,University of Notre Dame,https://www.topuniversities.com/sites/default/files/university-of-notre-dame_458_small.jpg,North America,,,POINT(41.704567749999995 -86.23822026017265)
48,United States,Miami,University of Miami,https://www.topuniversities.com/sites/default/files/university-of-miami_401_small.jpg,North America,,,POINT(25.71727245 -80.2787068732586)
49,United States,Boston,Northeastern University,https://www.topuniversities.com/sites/default/files/northeastern-university_454_small.jpg,North America,,,POINT(42.33510525 -71.08925787470238)
50,United States,Columbus,The Ohio State University,https://www.topuniversities.com/sites/default/files/the-ohio-state-university_465_small.jpg,North America,,,POINT(40.00568015 -83.02866123579578)
51,United States,Buffalo,University at Buffalo SUNY,https://www.topuniversities.com/sites/default/files/university-at-buffalo-suny_1888_small.jpg,North America,,,POINT(43.00188805 -78.78521350495271)
52,United States,College Park,"University of Maryland, College Park",https://www.topuniversities.com/sites/default/files/university-of-maryland-college-park_393_small.jpg,North America,,,POINT(38.9784587 -76.9282678)
53,United States,West Lafayette,Purdue University,https://www.topuniversities.com/sites/default/files/purdue-university_510_small.jpg,North America,,,POINT(40.430028 -86.92642114650494)
54,United States,Minneapolis,University of Minnesota Twin Cities,https://www.topuniversities.com/sites/default/files/university-of-minnesota_408_small.jpg,North America,,,POINT(44.9863392 -93.17945580218503)
55,United States,Chestnut Hill,Boston College,https://www.topuniversities.com/sites/default/files/boston-college_723_small.jpg,North America,,,POINT(42.3354481 -71.16826648999114)
56,United States,East Lansing,Michigan State University,https://www.topuniversities.com/sites/default/files/michigan-state-university_402_small.jpg,North America,,,POINT(42.70237935 -84.48038686520441)
57,United States,Amherst,University of Massachusetts Amherst,https://www.topuniversities.com/sites/default/files/university-of-massachusetts-amherst_592560cf2aeae70239af4c0e_small.jpg,North America,,,POINT(42.386969300000004 -72.53018467326824)
58,United States,Madison,University of Wisconsin-Madison,https://www.topuniversities.com/sites/default/files/university-of-wisconsin-madison_678_small.jpg,North America,,,POINT(43.080274450000005 -89.43095871991434)
59,United States,Syracuse,Syracuse University,https://www.topuniversities.com/sites/default/files/syracuse-university_812_small.jpg,North America,,,POINT(43.017112850000004 -76.11855360009726)
60,United States,Bethlehem,Lehigh University,https://www.topuniversities.com/sites/default/files/230407044833pm645648lehigh-official-stacked-logo-KO-cmyk-48x48.jpg,North America,,,POINT(40.6068028 -75.3782488)
61,United States,Pittsburgh,University of Pittsburgh,https://www.topuniversities.com/sites/default/files/university-of-pittsburgh_500_small.jpg,North America,,,POINT(40.44415295 -79.96246095144505)
62,United States,Tempe,Arizona State University,https://www.topuniversities.com/sites/default/files/arizona-state-university_592560cf2aeae70239af4a9c_small.jpg,North America,,,POINT(33.4213174 -111.93316305413154)
63,United States,Waltham,Brandeis University,https://www.topuniversities.com/sites/default/files/brandeis-university_66_small.jpg,North America,,,POINT(42.36650945 -71.2580196483813)
64,United States,Philadelphia,Temple University,https://www.topuniversities.com/sites/default/files/temple-university_592560cf2aeae70239af4cdd_small.jpg,North America,,,POINT(39.981188 -75.15628280757346)
65,United States,College Station,Texas A&M University,https://www.topuniversities.com/sites/default/files/texas-am-university_592560cf2aeae70239af4ce2_small.jpg,North America,,,POINT(30.6108618 -96.35206061388457)
66,United States,Tucson,The University of Arizona,https://www.topuniversities.com/sites/default/files/the-university-of-arizona_26_small.jpg,North America,,,POINT(None None)
67,United States,Houston,University of Houston,https://www.topuniversities.com/sites/default/files/university-of-houston_270_small.jpg,North America,,,POINT(29.7207902 -95.34406271147566)
68,United States,Binghamton,Binghamton University SUNY,https://www.topuniversities.com/sites/default/files/binghamton-university-suny_592560cf2aeae70239af51d4_small.jpg,North America,,,POINT(42.08779975 -75.97066065614858)
69,United States,Philadelphia,Drexel University,https://www.topuniversities.com/sites/default/files/drexel-university_163_small.jpg,North America,,,POINT(39.9569305 -75.18992654517834)
70,United States,Raleigh,North Carolina State University,https://www.topuniversities.com/sites/default/files/north-carolina-state-university_592560cf2aeae70239af4c2a_small.jpg,North America,,,POINT(35.77184965 -78.67408695452633)
71,United States,Troy,Rensselaer Polytechnic Institute,https://www.topuniversities.com/sites/default/files/rensselaer-polytechnic-institute_522_small.jpg,North America,,,POINT(42.7298969 -73.67966781998861)
72,United States,Storrs,University of Connecticut,https://www.topuniversities.com/sites/default/files/university-of-connecticut_140_small.jpg,North America,,,POINT(41.8111114 -72.2484133545308)
73,United States,Athens,The University of Georgia,https://www.topuniversities.com/sites/default/files/the-university-of-georgia_227_small.jpg,North America,,,POINT(33.91279015 -83.36805895928337)
74,United States,Blacksburg,Virginia Polytechnic Institute and State University,https://www.topuniversities.com/sites/default/files/virginia-polytechnic-institute-and-state-university_592560cf2aeae70239af4d15_small.jpg,North America,,,POINT(37.22192675 -80.42728184013652)
75,United States,Albuquerque,University of New Mexico,https://www.topuniversities.com/sites/default/files/university-of-new-mexico_592560cf2aeae70239af4c41_small.jpg,North America,,,POINT(35.08663275 -106.62020940505188)
76,United States,Bloomington,Indiana University Bloomington,https://www.topuniversities.com/sites/default/files/indiana-university-bloomington_289_small.jpg,North America,,,POINT(39.1802358 -86.50935262731483)
77,United States,New Orleans,Tulane University,https://www.topuniversities.com/sites/default/files/tulane-university_631_small.jpg,North America,,,POINT(29.94121955 -90.12010089179185)
78,United States,Boulder,University of Colorado Boulder,https://www.topuniversities.com/sites/default/files/university-of-colorado-boulder_137_small.jpg,North America,,,POINT(40.006937300000004 -105.266386566938)
79,United States,Tallahassee,Florida State University,https://www.topuniversities.com/sites/default/files/florida-state-university_211_small.jpg,North America,,,POINT(30.44221595 -84.29745304653903)
80,United States,Tampa,University of South Florida,https://www.topuniversities.com/sites/default/files/Webp.net-resizeimage-90-48x48.jpg,North America,,,POINT(28.0599999 -82.41383619025117)
81,United States,Chicago,Illinois Institute of Technology,https://www.topuniversities.com/sites/default/files/230109044608pm870090ILTECH-red-stacked-logo-48x48.jpg,North America,,,POINT(41.83616405 -87.62647227745128)
82,United States,Riverside,"University of California, Riverside",https://www.topuniversities.com/sites/default/files/230328051801pm377649UCR-200x200-48x48.jpg,North America,,,POINT(33.9642567 -117.3397858271953)
83,United States,Santa Cruz,"University of California, Santa Cruz",https://www.topuniversities.com/sites/default/files/university-of-california-santa-cruz_92_small.jpg,North America,,,POINT(36.9823252 -122.06001872783034)
84,United States,Washington D.C.,Howard University,https://www.topuniversities.com/sites/default/files/howard-university_592560cf2aeae70239af4dc1_small.jpg,North America,,,POINT(38.921897200000004 -77.01959314049667)
85,United States,Richardson,University of Texas Dallas,https://www.topuniversities.com/sites/default/files/university-of-texas-dallas_592560cf2aeae70239af5355_small.jpg,North America,,,POINT(32.9875855 -96.7497840266667)
86,United States,Santa Clara,Santa Clara University,https://www.topuniversities.com/sites/default/files/santa-clara-university_592560df9988f300e2320a24_small.jpg,North America,,,POINT(37.3486243 -121.93654400537929)
87,United States,Winston-Salem,Wake Forest University,https://www.topuniversities.com/sites/default/files/wake-forest-university_661_small.jpg,North America,,,POINT(36.13389295 -80.27555779127688)
88,United States,Baltimore,"University of Maryland, Baltimore County",https://www.topuniversities.com/sites/default/files/university-of-maryland-baltimore-county_592560cf2aeae70239af52af_small.jpg,North America,,,POINT(39.252376999999996 -76.70891806688415)
89,United States,Salt Lake City,University of Utah,https://www.topuniversities.com/sites/default/files/university-of-utah_645_small.jpg,North America,,,POINT(40.762813699999995 -111.83687191368261)
90,United States,Fairfax,George Mason University,https://www.topuniversities.com/sites/default/files/george-mason-university_592560cf2aeae70239af518c_small.jpg,North America,,,POINT(38.83133325 -77.30798838879116)
91,United States,Newark,New Jersey Institute of Technology (NJIT),https://www.topuniversities.com/sites/default/files/new-jersey-institute-of-technology-njit_592560cf2aeae70239af5376_small.jpg,North America,,,POINT(40.7421254 -74.17903159685589)
92,United States,Boston,University of Massachusetts Boston,https://www.topuniversities.com/sites/default/files/university-of-massachusetts-boston_592560cf2aeae70239af566b_small.jpg,North America,,,POINT(42.314068 -71.03871320767618)
93,United States,Lawrence,University of Kansas,https://www.topuniversities.com/sites/default/files/university-of-kansas_309_small.jpg,North America,,,POINT(38.95350515 -95.26309220025998)
94,United States,Albany,University at Albany SUNY,https://www.topuniversities.com/sites/default/files/university-at-albany-suny_1835_small.jpg,North America,,,POINT(None None)
95,United States,Corvallis,Oregon State University,https://www.topuniversities.com/sites/default/files/oregon-state-university_592560cf2aeae70239af4dc3_small.jpg,North America,,,POINT(44.56305595 -123.28392337694638)
96,United States,Newark,University of Delaware,https://www.topuniversities.com/sites/default/files/220714055424am282888Del-logo-48x48.jpg,North America,,,POINT(39.6803338 -75.7530748911031)
97,United States,Stockton,University of the Pacific,https://www.topuniversities.com/sites/default/files/university-of-the-pacific_592560cf2aeae70239af4c6b_small.jpg,North America,,,POINT(37.98042375 -121.31284719832666)
98,United States,Newark,Rutgers University–Newark,https://www.topuniversities.com/sites/default/files/rutgers-the-state-university-of-new-jersey_592560cf2aeae70239af52b1_small.jpg,North America,,,POINT(40.74068705 -74.17488897617616)
99,United States,Honolulu,University of Hawaiʻi at Mānoa,https://www.topuniversities.com/sites/default/files/university-of-hawaii-at-maoa_255_small.jpg,North America,,,POINT(21.2982795 -157.8186931584255)
100,United States,San Diego ,San Diego State University,https://www.topuniversities.com/sites/default/files/san-diego-state-university_1830_small.jpg,North America,,,POINT(32.7761529 -117.07330366921886)
101,United States,Iowa City,University of Iowa,https://www.topuniversities.com/sites/default/files/university-of-iowa_592560cf2aeae70239af4baa_small.jpg,North America,,,POINT(41.631102350000006 -91.54075201642047)
102,United States,Norman,University of Oklahoma,https://www.topuniversities.com/sites/default/files/university-of-oklahoma_467_small.jpg,North America,,,POINT(35.1959878 -97.44570827599858)
103,United States,Waco,Baylor University,https://www.topuniversities.com/sites/default/files/baylor-university_804_small.jpg,North America,,,POINT(31.55043405 -97.1102905567766)
104,United States,Williamsburg,College of William and Mary,https://www.topuniversities.com/sites/default/files/college-of-william-mary_592560cf2aeae70239af4b08_small.jpg,North America,,,POINT(37.269093350000006 -76.72205092906695)
105,United States,Hoboken,Stevens Institute of Technology,https://www.topuniversities.com/sites/default/files/stevens-institute-of-technology_592560cf2aeae70239af4db6_small.jpg,North America,,,POINT(40.744809599999996 -74.0252392276461)
106,United States,Orlando,University of Central Florida,https://www.topuniversities.com/sites/default/files/university-of-central-florida_209_small.jpg,North America,,,POINT(28.59899755 -81.19712501183949)
107,United States,Cincinnati,University of Cincinnati,https://www.topuniversities.com/sites/default/files/university-of-cincinnati_129_small.jpg,North America,,,POINT(39.1318613 -84.51576195582436)
108,United States,Lexington,University of Kentucky,https://www.topuniversities.com/sites/default/files/university-of-kentucky_316_small.jpg,North America,,,POINT(38.026629099999994 -84.50472223981663)
109,United States,Knoxville,"The University of Tennessee, Knoxville",https://www.topuniversities.com/sites/default/files/the-university-of-tennessee-knoxville_603_small.jpg,North America,,,POINT(35.9516352 -83.93088187962596)
110,United States,Worcester,Worcester Polytechnic Institute,https://www.topuniversities.com/sites/default/files/worcester-polytechnic-institute_592560cf2aeae70239af4dc0_small.jpg,North America,,,POINT(42.274315 -71.80845674552586)
111,United States,Chicago,DePaul University,https://www.topuniversities.com/sites/default/files/depaul-university_592560cf2aeae70239af5183_small.jpg,North America,,,POINT(41.9245803 -87.65072230067958)
112,United States,Miami,Florida International University,https://www.topuniversities.com/sites/default/files/florida-international-university_592560cf2aeae70239af4b55_small.jpg,North America,,,POINT(25.7553898 -80.3762832779774)
113,United States,Atlanta,Georgia State University,https://www.topuniversities.com/sites/default/files/georgia-state-university_592560cf2aeae70239af4b65_small.jpg,North America,,,POINT(33.7535889 -84.38542086620515)
114,United States,Portland,Portland State University,https://www.topuniversities.com/sites/default/files/portland-state-university_592560cf2aeae70239af51a6_small.jpg,North America,,,POINT(45.51181205 -122.68493059820187)
115,United States,Rochester,Rochester Institute of Technology (RIT),https://www.topuniversities.com/sites/default/files/rochester-institute-of-technology-rit_592560cf2aeae70239af5343_small.jpg,North America,,,POINT(43.0826701 -77.67293215211362)
116,United States,Louisville,University of Louisville College of Business,https://www.topuniversities.com/sites/default/files/louisville-48x48.jpg,North America,,,POINT(None None)
117,United States,Lincoln,University of Nebraska - Lincoln,https://www.topuniversities.com/sites/default/files/university-of-nebraska-lincoln_819_small.jpg,North America,,,POINT(40.8305567 -96.6697373)
118,United States,Durham,University of New Hampshire,https://www.topuniversities.com/sites/default/files/university-of-new-hampshire_592560cf2aeae70239af51c1_small.jpg,North America,,,POINT(43.1350987 -70.94620785070498)
119,United States,Denton,University of North Texas,https://www.topuniversities.com/sites/default/files/university-of-north-texas_592560cf2aeae70239af51c3_small.jpg,North America,,,POINT(33.2098926 -97.15147624977251)
120,United States,Eugene,University of Oregon,https://www.topuniversities.com/sites/default/files/university-of-oregon_592560cf2aeae70239af4c58_small.jpg,North America,,,POINT(44.04441965 -123.07176029673084)
121,United States,San Francisco,University of San Francisco,https://www.topuniversities.com/sites/default/files/university-of-san-francisco_592560cf2aeae70239af4d4a_small.jpg,North America,,,POINT(37.7793627 -122.45144734976836)
122,United States,Columbia,University of South Carolina,https://www.topuniversities.com/sites/default/files/university-of-south-carolina_539_small.jpg,North America,,,POINT(33.99287595 -81.02675376219187)
123,United States,New York City,Fordham University ,https://www.topuniversities.com/sites/default/files/fordham-university_814_small.jpg,North America,,,POINT(40.861734350000006 -73.88603169298054)
124,United States,Chicago,Loyola University Chicago,https://www.topuniversities.com/sites/default/files/loyola-university-chicago_370_small.jpg,North America,,,POINT(41.999149200000005 -87.65737041681818)
125,United States,San Francisco,San Francisco State University,https://www.topuniversities.com/sites/default/files/san-francisco-state-university_592560cf2aeae70239af5354_small.jpg,North America,,,POINT(37.7245167 -122.47999485908868)
126,United States,Seattle,Seattle University,https://www.topuniversities.com/sites/default/files/seattle-university_592560e09988f300e2320add_small.jpg,North America,,,POINT(47.60950425 -122.31879829702284)
127,United States,Dallas,Southern Methodist University,https://www.topuniversities.com/sites/default/files/southern-methodist-university_592560cf2aeae70239af4daa_small.jpg,North America,,,POINT(32.841801149999995 -96.78152810147064)
128,United States,Columbia,"University of Missouri, Columbia",https://www.topuniversities.com/sites/default/files/university-of-missouri-columbia_409_small.jpg,North America,,,POINT(38.93641465 -92.32970301784542)
129,United States,Burlington,University of Vermont,https://www.topuniversities.com/sites/default/files/university-of-vermont_808_small.jpg,North America,,,POINT(44.4737365 -73.19414679705882)
130,United States,Detroit,Wayne State University,https://www.topuniversities.com/sites/default/files/wayne-state-university_592560cf2aeae70239af51d1_small.jpg,North America,,,POINT(42.35720515 -83.07094978691399)
131,United States,Washington D.C.,American University,https://www.topuniversities.com/sites/default/files/american-university_17_small.jpg,North America,,,POINT(38.93775105 -77.08946762126567)
132,United States,Waltham,Bentley University,https://www.topuniversities.com/sites/default/files/bentley-university_592560cf2aeae70239af5815_small.jpg,North America,,,POINT(42.3834189 -71.2225864285891)
133,United States,Clemson,Clemson University,https://www.topuniversities.com/sites/default/files/clemson-university_806_small.jpg,North America,,,POINT(34.66869155 -82.83743475607795)
134,United States,Fort Collins,Colorado State University,https://www.topuniversities.com/sites/default/files/colorado-state-university_136_small.jpg,North America,,,POINT(40.570656650000004 -105.08539947634978)
135,United States,Los Angeles,Loyola Marymount University,https://www.topuniversities.com/sites/default/files/loyola-marymount-university_592560cf2aeae70239af561c_small.jpg,North America,,,POINT(33.968782399999995 -118.41820210089406)
136,United States,Malibu,Pepperdine University,https://www.topuniversities.com/sites/default/files/pepperdine-university_592560cf2aeae70239af4c73_small.jpg,North America,,,POINT(51.498993150000004 -0.17388979859550668)
137,United States,Tuscaloosa,The University of Alabama,https://www.topuniversities.com/sites/default/files/university-of-alabama_592560cf2aeae70239af4a91_small.jpg,North America,,,POINT(33.21208215 -87.53967345126999)
138,United States,Denver,University of Denver,https://www.topuniversities.com/sites/default/files/university-of-denver_157_small.jpg,North America,,,POINT(39.6783106 -104.96247276308813)
139,United States,Kingston,University of Rhode Island ,https://www.topuniversities.com/sites/default/files/university-of-rhode-island-_592560cf2aeae70239af51c7_small.jpg,North America,,,POINT(41.487296900000004 -71.5344649840152)
140,United States,Richmond,Virginia Commonwealth University,https://www.topuniversities.com/sites/default/files/virginia-commonwealth-university_654_small.jpg,North America,,,POINT(37.546124649999996 -77.45406089907547)
141,United States,Morgantown,West Virginia University,https://www.topuniversities.com/sites/default/files/west-virginia-university_592560cf2aeae70239af531c_small.jpg,North America,,,POINT(39.63483975 -79.95420954063442)
142,United States,Worcester,Clark University,https://www.topuniversities.com/sites/default/files/211223104412am412385CU-logo-200x200-48x48.jpg,North America,,,POINT(42.251468149999994 -71.82295086144981)
143,United States,Potsdam,Clarkson University,https://www.topuniversities.com/sites/default/files/clarkson-university_592560cf2aeae70239af5181_small.jpg,North America,,,POINT(44.65958875 -75.00623974830918)
144,United States,Houghton,Michigan Technological University,https://www.topuniversities.com/sites/default/files/michigan-technological-university_1810_small.jpg,North America,,,POINT(47.1099114 -88.55115131277597)
145,United States,Glassboro,Rowan University,https://www.topuniversities.com/sites/default/files/rowan-university_5c864fa25c52f35e6a4e267e_small.jpg,North America,,,POINT(39.7103526 -75.1193266647699)
146,United States,San Jose,San Jose State University,https://www.topuniversities.com/sites/default/files/san-jose-state-university_592560cf2aeae70239af534d_small.jpg,North America,,,POINT(37.33519025 -121.88122545292521)
147,United States,St. Louis,Saint Louis University,https://www.topuniversities.com/sites/default/files/saint-louis-university_592560e09988f300e2320cf4_small.jpg,North America,,,POINT(38.635359 -90.23184326838913)
148,United States,Birmingham,University of Alabama at Birmingham ,https://www.topuniversities.com/sites/default/files/university-of-alabama-at-birmingham_2118_small.jpg,North America,,,POINT(33.5016153 -86.80604756076488)
149,United States,Denver,"University of Colorado, Denver ",https://www.topuniversities.com/sites/default/files/university-of-colorado-denver_2116_small.jpg,North America,,,POINT(39.74753825 -104.99836836428571)
150,United States,Reno,University of Nevada - Reno,https://www.topuniversities.com/sites/default/files/university-of-nevada-reno_592560cf2aeae70239af51c0_small.jpg,North America,,,POINT(39.5442688 -119.81631051527071)
151,United States,New York City,Baruch College,https://www.topuniversities.com/sites/default/files/baruch-college_592560de9988f300e23206b5_small.jpg,North America,,,POINT(40.91386295 -73.13197938303284)
152,United States,New York City,CUNY Hunter College,https://www.topuniversities.com/sites/default/files/cuny-hunter-college_5c8208e310ca605c8c654ae5_small.jpg,North America,,,POINT(None None)
153,United States,New York City,Hofstra University,https://www.topuniversities.com/sites/default/files/hofstra-university_1802_small.jpg,North America,,,POINT(40.71690825 -73.60002245039347)
154,United States,Manhattan,Kansas State University ,https://www.topuniversities.com/sites/default/files/kansas-state-university_1912_small.jpg,North America,,,POINT(39.20883 -96.58845116318602)
155,United States,Rolla,Missouri University of Science and Technology,https://www.topuniversities.com/sites/default/files/missouri-university-of-science-and-technology_592560cf2aeae70239af51e4_small.jpg,North America,,,POINT(37.9532435 -91.77426666814159)
156,United States,Stillwater,Oklahoma State University ,https://www.topuniversities.com/sites/default/files/oklahoma-state-university-_592560cf2aeae70239af5345_small.jpg,North America,,,POINT(36.1313112 -97.08902589604357)
157,United States,Boston,Suffolk University,https://www.topuniversities.com/sites/default/files/suffolk-university_592560df9988f300e2320a70_small.jpg,North America,,,POINT(42.356701099999995 -71.06105776439689)
158,United States,Kansas City,"University of Missouri, Kansas City",https://www.topuniversities.com/sites/default/files/university-of-missouri-kansas-city_592560cf2aeae70239af52c8_small.jpg,North America,,,POINT(39.03924035 -94.57248659618713)
159,United States,Charlotte,University of North Carolina at Charlotte,https://www.topuniversities.com/sites/default/files/220203050430pm518134university-of-north-carolina-at-charlotte-592560cf2aeae70239af533f-large-48x48.jpg,North America,,,POINT(35.30649445 -80.73497049689712)
160,United States,Villanova,Villanova University,https://www.topuniversities.com/sites/default/files/villanova-university_5c87707a10ca6005203cba93_small.jpg,North America,,,POINT(40.0367774 -75.34202332002798)
161,United States,Berrien Springs,Andrews University,https://www.topuniversities.com/sites/default/files/andrews-university_592560cf2aeae70239af517a_small.jpg,North America,,,POINT(41.969662650000004 -86.36331553855976)
162,United States,Auburn,Auburn University,https://www.topuniversities.com/sites/default/files/auburn-university_592560cf2aeae70239af51d3_small.jpg,North America,,,POINT(32.59195285 -85.49597748562812)
163,United States,Indianapolis,Indiana University–Purdue University Indianapolis,https://www.topuniversities.com/sites/default/files/indiana-universitypurdue-university-indianapolis_592560e09988f300e2320b78_small.jpg,North America,,,POINT(None None)
164,United States,Athens,Ohio University,https://www.topuniversities.com/sites/default/files/ohio-university_1822_small.jpg,North America,,,POINT(39.32417815 -82.10156480977798)
165,United States,New York,Pace University - New York,https://www.topuniversities.com/sites/default/files/220114031827pm138683Pace-Wordmark-01-48x48.jpg,North America,,,POINT(40.7111164 -74.00480443918846)
166,United States,Camden,Rutgers University–Camden,https://www.topuniversities.com/sites/default/files/rutgers-the-state-university-of-new-jersey-camden_592560cf2aeae70239af58f7_small.jpg,North America,,,POINT(39.948361250000005 -75.12269863014204)
167,United States,Boston,Simmons University,https://www.topuniversities.com/sites/default/files/simmons-university_5c86599b5c52f35e6a4e2693_small.jpg,North America,,,POINT(42.338935449999994 -71.10043183883623)
168,United States,New York City,St. John's University: New York City,https://www.topuniversities.com/sites/default/files/st.-johns-university-new-york-city_592560cf2aeae70239af5340_small.jpg,North America,,,POINT(40.6212473 -74.09120078411442)
169,United States,San Diego,University of San Diego,https://www.topuniversities.com/sites/default/files/university-of-san-diego_592560cf2aeae70239af4ca6_small.jpg,North America,,,POINT(32.77263015 -117.1891347216818)
170,United States,New York City,Yeshiva University,https://www.topuniversities.com/sites/default/files/the-katz-school-at-yeshiva-university_685_small.jpg,North America,,,POINT(40.84898065 -73.92984026052692)
171,United States,Orange,Chapman University,https://www.topuniversities.com/sites/default/files/chapman-university_592560de9988f300e23206d1_small.jpg,North America,,,POINT(33.79338165 -117.85169594598702)
172,United States,San Rafael,Dominican University of California,https://www.topuniversities.com/sites/default/files/dominican-university-of-california_592560e79988f300e2321fa7_small.jpg,North America,,,POINT(37.98008565 -122.51430686780344)
173,United States,Elon,Elon University,https://www.topuniversities.com/sites/default/files/elon-university_5c820ebf5c52f35e994cf5d8_small.jpg,North America,,,POINT(36.1063398 -79.50273682932499)
174,United States,Baltimore,Loyola University Maryland,https://www.topuniversities.com/sites/default/files/loyola-university-maryland_592560cf2aeae70239af585d_small.jpg,North America,,,POINT(39.34835375 -76.61593184876489)
175,United States,Flagstaff,Northern Arizona University,https://www.topuniversities.com/sites/default/files/northern-arizona-university_592560cf2aeae70239af51a1_small.jpg,North America,,,POINT(35.18308665 -111.654960950576)
176,United States,Fort Lauderdale,Nova Southeastern University,https://www.topuniversities.com/sites/default/files/nova-southeastern-university_592560cf2aeae70239af4c5a_small.jpg,North America,,,POINT(26.07880175 -80.24351082861773)
177,United States,Memphis,University of Memphis,https://www.topuniversities.com/sites/default/files/university-of-memphis_592560cf2aeae70239af51bd_small.jpg,North America,,,POINT(35.1189387 -89.93721959965887)
178,United States,Greensboro,University of North Carolina at Greensboro,https://www.topuniversities.com/sites/default/files/university-of-north-carolina-at-greensboro_592560cf2aeae70239af52b2_small.jpg,North America,,,POINT(36.0679595 -79.81036691043005)
179,United States,Valparaiso,Valparaiso University,https://www.topuniversities.com/sites/default/files/valparaiso-university_5c8770485c52f3060f614126_small.jpg,North America,,,POINT(41.46296275 -87.04468904151983)
180,United States,Pullman,Washington State University,https://www.topuniversities.com/sites/default/files/washington-state-university_666_small.jpg,North America,,,POINT(46.7337716 -117.14980348311619)
181,United States,Statesboro,Georgia Southern University,https://www.topuniversities.com/sites/default/files/georgia-southern-university_592560cf2aeae70239af518b_small.jpg,North America,,,POINT(32.421438050000006 -81.78450528646616)
182,United States,Harrisonburg,James Madison University,https://www.topuniversities.com/sites/default/files/james-madison-university_592560cf2aeae70239af5305_small.jpg,North America,,,POINT(38.4364404 -78.86896481344405)
183,United States,Oxford,Miami University,https://www.topuniversities.com/sites/default/files/220926085849am721113Miami-logo-200x200-48x48.jpg,North America,,,POINT(39.5094198 -84.7311545671451)
184,United States,Winter Park,Rollins College,https://www.topuniversities.com/sites/default/files/rollins-college_592560df9988f300e2320a9e_small.jpg,North America,,,POINT(28.5925001 -81.3489577)
185,United States,Fort Worth,Texas Christian University,https://www.topuniversities.com/sites/default/files/texas-christian-university_592560cf2aeae70239af51b1_small.jpg,North America,,,POINT(32.7080148 -97.36119385339882)
186,United States,Lubbock,Texas Tech University,https://www.topuniversities.com/sites/default/files/texas-tech-university_592560cf2aeae70239af51b2_small.jpg,North America,,,POINT(33.59375255 -101.89959552302756)
187,United States,Ewing Township,The College of New Jersey,https://www.topuniversities.com/sites/default/files/the-college-of-new-jersey_5c87515b5c52f3060f6140e0_small.jpg,North America,,,POINT(40.26855155 -74.77797683337279)
188,United States,Dayton,University of Dayton,https://www.topuniversities.com/sites/default/files/university-of-dayton_592560cf2aeae70239af51b8_small.jpg,North America,,,POINT(39.73845985 -84.17919478013708)
189,United States,West Hartford,University of Hartford,https://www.topuniversities.com/sites/default/files/university-of-hartford_592560cf2aeae70239af51b9_small.jpg,North America,,,POINT(41.8002648 -72.71412054842195)
190,United States,Moscow,University of Idaho ,https://www.topuniversities.com/sites/default/files/university-of-idaho_1847_small.jpg,North America,,,POINT(46.72379775 -117.02043898436474)
191,United States,Provo,Brigham Young University,https://www.topuniversities.com/sites/default/files/brigham-young-university_68_small.jpg,North America,,,POINT(40.25540825 -111.64968315703442)
192,United States,New York City,CUNY Queens College,https://www.topuniversities.com/sites/default/files/cuny-queens-college_5c82093810ca605c8c654ae9_small.jpg,North America,,,POINT(40.737004 -73.8251979)
193,United States,Thousand Oaks,California Lutheran University,https://www.topuniversities.com/sites/default/files/california-lutheran-university_592560cf2aeae70239af5314_small.jpg,North America,,,POINT(34.22655655 -118.87852167930592)
194,United States,Fullerton,California State University - Fullerton,https://www.topuniversities.com/sites/default/files/california-state-university-fullerton_592560de9988f300e23206cf_small.jpg,North America,,,POINT(33.8830939 -117.88521521398181)
195,United States,Ames,Iowa State University,https://www.topuniversities.com/sites/default/files/iowa-state-university_294_small.jpg,North America,,,POINT(42.0279608 -93.64473746093857)
196,United States,Kent,Kent State University,https://www.topuniversities.com/sites/default/files/kent-state-university_592560cf2aeae70239af5351_small.jpg,North America,,,POINT(41.144232450000004 -81.33983207322399)
197,United States,Socorro,New Mexico Institute of Mining and Technology,https://www.topuniversities.com/sites/default/files/new-mexico-institute-of-mining-and-technology_5c879bc610ca60036e108b0b_small.jpg,North America,,,POINT(None None)
198,United States,New York City,New York Institute of Technology,https://www.topuniversities.com/sites/default/files/new-york-institute-of-technology_592560cf2aeae70239af599f_small.jpg,North America,,,POINT(40.807959049999994 -73.60628896763087)
199,,,Stetson University,https://www.topuniversities.com/sites/default/files/stetson-university_592560df9988f300e2320aa0_small.jpg,North America,,,POINT(29.03653465 -81.30054111521412)
200,United States,Lowell,University of Massachusetts Lowell ,https://www.topuniversities.com/sites/default/files/university-of-massachusetts-lowell-_592560cf2aeae70239af537b_small.jpg,North America,,,POINT(42.651909700000004 -71.31736283953776)
201,United States,Oxford,University of Mississippi,https://www.topuniversities.com/sites/default/files/university-of-mississippi_592560cf2aeae70239af536f_small.jpg,North America,,,POINT(34.3646125 -89.53963491020966)
202,United States,Scranton,University of Scranton,https://www.topuniversities.com/sites/default/files/university-of-scranton_5c876d735c52f3048e1f023c_small.jpg,North America,,,POINT(41.406446450000004 -75.65774968129637)
203,United States,San Antonio,University of Texas at San Antonio,https://www.topuniversities.com/sites/default/files/university-of-texas-at-san-antonio_592560cf2aeae70239af5379_small.jpg,North America,,,POINT(29.583331049999998 -98.6194450505688)
204,United States,Milwaukee,University of Wisconsin Milwaukee ,https://www.topuniversities.com/sites/default/files/university-of-wisconsin-milwaukee-_592560cf2aeae70239af5346_small.jpg,North America,,,POINT(43.077639000000005 -87.88194245036574)
205,United States,Muncie,Ball State University,https://www.topuniversities.com/sites/default/files/ball-state-university_592560cf2aeae70239af517c_small.jpg,North America,,,POINT(40.2097296 -85.4112150690654)
206,United States,Boise,Boise State University,https://www.topuniversities.com/sites/default/files/boise-state-university_592560cf2aeae70239af5383_small.jpg,North America,,,POINT(43.6031707 -116.20261074563308)
207,United States,Indianapolis,Butler University,https://www.topuniversities.com/sites/default/files/butler-university_592560e09988f300e2320b86_small.jpg,North America,,,POINT(39.8407191 -86.17374943464814)
208,United States,New York City,The City College of New York,https://www.topuniversities.com/sites/default/files/Webp.net-resizeimage-2021-04-22T134242.136-48x48.jpg,North America,,,POINT(40.81819805 -73.95100897933364)
209,United States,Pomona,California State Polytechnic University - Pomona,https://www.topuniversities.com/sites/default/files/california-state-polytechnic-university-pomona_592560e79988f300e2322092_small.jpg,North America,,,POINT(34.0560056 -117.82343830537226)
210,United States,Los Angeles,California State University - Los Angeles,https://www.topuniversities.com/sites/default/files/california-state-university-los-angeles_592560e79988f300e232207f_small.jpg,North America,,,POINT(34.066494899999995 -118.16714151663223)
211,United States,Washington D.C.,The Catholic University of America,https://www.topuniversities.com/sites/default/files/the-catholic-university-of-america_592560e09988f300e2320cf0_small.jpg,North America,,,POINT(38.939102399999996 -76.99996417338346)
212,United States,Honolulu,Chaminade University of Honolulu,https://www.topuniversities.com/sites/default/files/chaminade-university-of-honolulu_592560e79988f300e2321fd1_small.jpg,North America,,,POINT(21.29026655 -157.80734776364193)
213,United States,Staten Island,CUNY College of Staten Island,https://www.topuniversities.com/sites/default/files/cuny-college-of-staten-island_5c8125f710ca605c2865f734_small.jpg,North America,,,POINT(40.6088639 -74.1538552)
214,United States,Omaha,Creighton University,https://www.topuniversities.com/sites/default/files/creighton-university_592560df9988f300e23209b0_small.jpg,North America,,,POINT(41.265856549999995 -95.94505553516464)
215,United States,River Forest,Dominican University,https://www.topuniversities.com/sites/default/files/dominican-university_592560e19988f300e2320ff8_small.jpg,North America,,,POINT(41.90289665 -87.82262656814642)
216,United States,Greenville,East Carolina University,https://www.topuniversities.com/sites/default/files/east-carolina-university_592560cf2aeae70239af5185_small.jpg,North America,,,POINT(35.63285115 -77.48526724763182)
217,United States,Fairfield,Fairfield University,https://www.topuniversities.com/sites/default/files/fairfield-university_592560e79988f300e2322061_small.jpg,North America,,,POINT(41.15967565 -73.25740310197213)
218,United States,Boca Raton,Florida Atlantic University - Boca Raton,https://www.topuniversities.com/sites/default/files/florida-atlantic-university-boca-raton_592560cf2aeae70239af5189_small.jpg,North America,,,POINT(26.3743445 -80.10272360134499)
219,United States,Honolulu,Hawaii Pacific University,https://www.topuniversities.com/sites/default/files/hawaii-pacific-university_592560cf2aeae70239af4b82_small.jpg,North America,,,POINT(21.37952275 -157.78308194567484)
220,United States,Immaculata ,Immaculata University,https://www.topuniversities.com/sites/default/files/immaculata-university_592560cf2aeae70239af518f_small.jpg,North America,,,POINT(40.028356200000005 -75.57023591413548)
221,United States,Ithaca,Ithaca College,https://www.topuniversities.com/sites/default/files/ithaca-college_5c821bd75c52f35e6a4e251d_small.jpg,North America,,,POINT(42.419703549999994 -76.49833484728887)
222,United States,Philadelphia,La Salle University,https://www.topuniversities.com/sites/default/files/la-salle-university_592560df9988f300e2320938_small.jpg,North America,,,POINT(40.03762975 -75.15400251695417)
223,United States,Baton Rouge,Louisiana State University,https://www.topuniversities.com/sites/default/files/211217042229pm466378LSU-Logo-48x48.jpg,North America,,,POINT(30.406200499999997 -91.18541292158193)
224,United States,Milwaukee,Marquette University,https://www.topuniversities.com/sites/default/files/marquette-university_592560cf2aeae70239af4dac_small.jpg,North America,,,POINT(43.037434399999995 -87.9294773868258)
225,United States,Arlington,Marymount University,https://www.topuniversities.com/sites/default/files/marymount-university_592560cf2aeae70239af5300_small.jpg,North America,,,POINT(38.9054445 -77.12768184296903)
226,United States,Starkville,Mississippi State University,https://www.topuniversities.com/sites/default/files/mississippi-state-university_592560cf2aeae70239af5196_small.jpg,North America,,,POINT(33.4386876 -88.79432320417112)
227,United States,Bozeman,Montana State University,https://www.topuniversities.com/sites/default/files/montana-state-university_592560cf2aeae70239af5197_small.jpg,North America,,,POINT(45.6638859 -111.07928704602077)
228,United States,Fargo,North Dakota State University,https://www.topuniversities.com/sites/default/files/Webp.net-resizeimage-81-2-48x48.jpg,North America,,,POINT(46.897155 -96.81826543221285)
229,United States,DeKalb,Northern Illinois University,https://www.topuniversities.com/sites/default/files/northern-illinois-university-college-of-business_592560cf2aeae70239af519f_small.jpg,North America,,,POINT(41.937093399999995 -88.78267841443035)
230,United States,Norfolk,Old Dominion University,https://www.topuniversities.com/sites/default/files/old-dominion-university_592560cf2aeae70239af51a2_small.jpg,North America,,,POINT(36.8862699 -76.30972478839735)
231,United States,Lawrenceville,Rider University,https://www.topuniversities.com/sites/default/files/rider-university_592560cf2aeae70239af5915_small.jpg,North America,,,POINT(40.28155125 -74.74044673656789)
232,,,Roosevelt University,https://www.topuniversities.com/sites/default/files/roosevelt-university_592560e19988f300e2320e48_small.jpg,North America,,,POINT(41.87613485 -87.6251816505098)
233,United States,Geneseo,State University of New York at Geneseo,https://www.topuniversities.com/sites/default/files/state-university-of-new-york-at-geneseo_592560e09988f300e2320b8c_small.jpg,North America,,,POINT(None None)
234,United States,,SUNY New Paltz,https://www.topuniversities.com/sites/default/files/Webp.net-resizeimage-88-48x48.jpg,North America,,,POINT(41.73283685 -74.08880524672392)
235,United States,Seattle,Seattle Pacific University,https://www.topuniversities.com/sites/default/files/seattle-pacific-university_592560e09988f300e2320ae2_small.jpg,North America,,,POINT(47.64886755 -122.36196642187447)
236,United States,Rohnert Park,Sonoma State University,https://www.topuniversities.com/sites/default/files/sonoma-state-university_5c8659fb5c52f35e994cf864_small.jpg,North America,,,POINT(38.33982655 -122.6734191695437)
237,United States,Oswego,SUNY Oswego,https://www.topuniversities.com/sites/default/files/suny-oswego_592560de9988f300e232086e_small.jpg,North America,,,POINT(43.4518167 -76.544084)
238,United States,San Marcos,Texas State University,https://www.topuniversities.com/sites/default/files/texas-state-university_5b76d7789ed41913d548b968_small.jpg,North America,,,POINT(29.8910941 -97.93768392991333)
239,United States,Anchorage,University of Alaska Anchorage,https://www.topuniversities.com/sites/default/files/university-of-alaska-anchorage_592560e79988f300e23220a1_small.jpg,North America,,,POINT(61.19037895 -149.82232541071522)
240,United States,Fairbanks,University of Alaska Fairbanks,https://www.topuniversities.com/sites/default/files/university-of-alaska-fairbanks_592560cf2aeae70239af51b6_small.jpg,North America,,,POINT(64.86534085 -147.8426097192497)
241,United States,Bridgeport,University of Bridgeport,https://www.topuniversities.com/sites/default/files/university-of-bridgeport_592560cf2aeae70239af51b7_small.jpg,North America,,,POINT(41.164658450000005 -73.19046116690603)
242,United States,Orono,University of Maine,https://www.topuniversities.com/sites/default/files/Webp.net-resizeimage-60-48x48.jpg,North America,,,POINT(44.901518800000005 -68.66172221072623)
243,United States,Dearborn,University of Michigan-Dearborn,https://www.topuniversities.com/sites/default/files/Webp.net-resizeimage-98-48x48.jpg,North America,,,POINT(42.3172294 -83.23193935538828)
244,United States,St. Louis,University of Missouri Saint Louis,https://www.topuniversities.com/sites/default/files/230504125339pm154918download-48x48.jpg,North America,,,POINT(38.70863975 -90.31171453683027)
245,United States,Las Vegas,University of Nevada - Las Vegas,https://www.topuniversities.com/sites/default/files/university-of-nevada-las-vegas_1851_small.jpg,North America,,,POINT(36.10782625 -115.14186110966509)
246,United States,Redlands,University of Redlands,https://www.topuniversities.com/sites/default/files/university-of-redlands_592560cf2aeae70239af58c5_small.jpg,North America,,,POINT(34.0635903 -117.16385420758371)
247,United States,St Paul,University of St Thomas,https://www.topuniversities.com/sites/default/files/university-of-st-thomas_592560cf2aeae70239af51c6_small.jpg,North America,,,POINT(44.94210585 -93.1894521972007)
248,United States,Houston,University of St. Thomas - Houston,https://www.topuniversities.com/sites/default/files/university-of-st.-thomas-houston_592560e09988f300e2320cf2_small.jpg,North America,,,POINT(29.7368408 -95.39417194809747)
249,United States,Toledo,University of Toledo,https://www.topuniversities.com/sites/default/files/university-of-toledo_592560cf2aeae70239af51c9_small.jpg,North America,,,POINT(41.6582432 -83.61478734161769)
250,United States,Tulsa,University of Tulsa,https://www.topuniversities.com/sites/default/files/university-of-tulsa_592560cf2aeae70239af4dae_small.jpg,North America,,,POINT(36.1523306 -95.94596023877983)
251,United States,Laramie,University of Wyoming,https://www.topuniversities.com/sites/default/files/university-of-wyoming_592560cf2aeae70239af51ca_small.jpg,North America,,,POINT(41.314986000000005 -105.56432216542333)
252,United States,Macomb,Western Illinois University,https://www.topuniversities.com/sites/default/files/western-illinois-university_5c8772e95c52f3048f39ab3f_small.jpg,North America,,,POINT(40.47714685 -90.68620239811149)
253,United States,Bellingham,Western Washington University ,https://www.topuniversities.com/sites/default/files/western-washington-university-_592560cf2aeae70239af5381_small.jpg,North America,,,POINT(48.734140999999994 -122.4874637564906)
254,United States,Wayne,William Paterson University of New Jersey,https://www.topuniversities.com/sites/default/files/william-paterson-university-of-new-jersey_5c87755e10ca60036e108ac7_small.jpg,North America,,,POINT(40.948807 -74.1988063037652)
255,United States,Garden City,Adelphi University ,https://www.topuniversities.com/sites/default/files/adelphi-university-_592560cf2aeae70239af5179_small.jpg,North America,,,POINT(40.7197638 -73.65197185396391)
256,United States,,Alfred University,https://www.topuniversities.com/sites/default/files/alfred-university_5c80c7955c52f34a7154a91e_small.jpg,North America,,,POINT(42.255862 -77.7857087052491)
257,United States,Boone,Appalachian State University (ASU),https://www.topuniversities.com/sites/default/files/appalachian-state-university-asu_592560cf2aeae70239af5350_small.jpg,North America,,,POINT(36.2143552 -81.6753009)
258,,,Augsburg University,https://www.topuniversities.com/sites/default/files/Webp.net-resizeimage-2021-04-22T143950.408-1-48x48.jpg,North America,,,POINT(44.9662364 -93.24110466136236)
259,United States,Smithfield,Bryant University,https://www.topuniversities.com/sites/default/files/bryant-university_592560de9988f300e23206ca_small.jpg,North America,,,POINT(41.922091449999996 -71.53715173504338)
260,United States,New York City,CUNY Lehman College,https://www.topuniversities.com/sites/default/files/cuny-lehman-college_5c82091a10ca605c2865f762_small.jpg,North America,,,POINT(None None)
261,United States,,"California State University, San Marcos College",https://www.topuniversities.com/sites/default/files/Webp.net-resizeimage-95-48x48.jpg,North America,,,POINT(None None)
262,United States,Los Angeles,California State University Northridge ,https://www.topuniversities.com/sites/default/files/california-state-university-northridge-_592560cf2aeae70239af535a_small.jpg,North America,,,POINT(34.2455346 -118.52632210641266)
263,,,California State University Sacramento,https://www.topuniversities.com/sites/default/files/california-state-university-sacramento_592560e79988f300e232210a_small.jpg,North America,,,POINT(38.5599044 -121.42408187463846)
264,,,California State University - Long Beach,https://www.topuniversities.com/sites/default/files/Webp.net-resizeimage-99-48x48.jpg,North America,,,POINT(33.78177085 -118.11520014816904)
265,,,California State University - San Bernardino,https://www.topuniversities.com/sites/default/files/california-state-university-san-bernardino_592560cf2aeae70239af5955_small.jpg,North America,,,POINT(34.18191745 -117.32174391836504)
266,,,Campbell University,https://www.topuniversities.com/sites/default/files/Webp.net-resizeimage-100-48x48.jpg,North America,,,POINT(35.408071 -78.73924679769573)
267,,,College of Charleston,https://www.topuniversities.com/sites/default/files/Webp.net-resizeimage-2021-04-22T132509.854-48x48.jpg,North America,,,POINT(32.78432435 -79.93821381629525)
268,United States,Spokane,Gonzaga University,https://www.topuniversities.com/sites/default/files/gonzaga-university_592560de9988f300e23206d6_small.jpg,North America,,,POINT(47.667102549999996 -117.4030545594068)
269,United States,Normal,Illinois State University,https://www.topuniversities.com/sites/default/files/illinois-state-university_592560cf2aeae70239af5372_small.jpg,North America,,,POINT(40.51799375 -89.00846070697986)
270,United States,Indiana,Indiana University of Pennsylvania,https://www.topuniversities.com/sites/default/files/indiana-university-of-pennsylvania_592560cf2aeae70239af5192_small.jpg,North America,,,POINT(40.6158628 -79.16000436794613)
271,United States,New York City,Manhattan College,https://www.topuniversities.com/sites/default/files/Webp.net-resizeimage-96-48x48.jpg,North America,,,POINT(40.887440299999994 -73.90431468440008)
272,United States,Baltimore,Morgan State University,https://www.topuniversities.com/sites/default/files/Webp.net-resizeimage-80-48x48.jpg,North America,,,POINT(39.3446663 -76.58360941503034)
273,,,Northeastern Illinois University,https://www.topuniversities.com/sites/default/files/Webp.net-resizeimage-2021-04-22T135212.581-48x48.jpg,North America,,,POINT(41.98026885 -87.71848507961145)
274,United States,Baltimore,Notre Dame of Maryland University,https://www.topuniversities.com/sites/default/files/notre-dame-of-maryland-university_5c862d935c52f35e994cf806_small.jpg,North America,,,POINT(39.351427900000004 -76.61940070192435)
275,United States,Rochester,Oakland University,https://www.topuniversities.com/sites/default/files/oakland-university_592560cf2aeae70239af51a0_small.jpg,North America,,,POINT(42.666633250000004 -83.20655751756584)
276,United States,Tahoma,Pacific Lutheran University,https://www.topuniversities.com/sites/default/files/pacific-lutheran-university_592560de9988f300e23206ec_small.jpg,North America,,,POINT(47.14375725 -122.44438886592795)
277,United States,Providence,Providence College,https://www.topuniversities.com/sites/default/files/providence-college_5c864bb010ca605c8c654c8c_small.jpg,North America,,,POINT(41.8442938 -71.43548862523096)
278,United States,Denver,Regis University,https://www.topuniversities.com/sites/default/files/regis-university_592560cf2aeae70239af4c8b_small.jpg,North America,,,POINT(39.789711100000005 -105.03136946717461)
279,United States,Brockport,SUNY Brockport,https://www.topuniversities.com/sites/default/files/suny-brockport_592560e09988f300e2320b98_small.jpg,North America,,,POINT(43.209853 -77.95133906805025)
280,United States,Fredonia,State University of New York at Fredonia,https://www.topuniversities.com/sites/default/files/state-university-of-new-york-at-fredonia_592560e09988f300e2320b8e_small.jpg,North America,,,POINT(42.45297865 -79.34020055636469)
281,United States,Oneonta,SUNY Oneonta,https://www.topuniversities.com/sites/default/files/suny-oneonta_592560e09988f300e2320ba6_small.jpg,North America,,,POINT(42.4720574 -75.06285140620105)
282,United States,Moraga,Saint Mary's College of California,https://www.topuniversities.com/sites/default/files/saint-marys-college-of-california_592560de9988f300e23206e2_small.jpg,North America,,,POINT(37.8409597 -122.109459)
283,,,Saint Peter's University,https://www.topuniversities.com/sites/default/files/Webp.net-resizeimage-2021-04-22T135717.177-48x48.jpg,North America,,,POINT(40.727624500000005 -74.07216785370294)
284,United States,Brookings,South Dakota State University,https://www.topuniversities.com/sites/default/files/Webp.net-resizeimage-82-48x48.jpg,North America,,,POINT(44.344449 -96.79823712438383)
285,United States,Austin,St. Edward's University,https://www.topuniversities.com/sites/default/files/st.-edwards-university_592560e09988f300e2320b7e_small.jpg,North America,,,POINT(30.229843799999998 -97.75464881846554)
286,United States,Fayetteville,University of Arkansas Fayetteville ,https://www.topuniversities.com/sites/default/files/university-of-arkansas-fayetteville-_592560cf2aeae70239af534e_small.jpg,North America,,,POINT(36.0970389 -94.17033216657404)
287,United States,Evansville,University of Evansville,https://www.topuniversities.com/sites/default/files/university-of-evansville_5c875b115c52f3048f39ab0d_small.jpg,North America,,,POINT(37.9735131 -87.53229765717168)
288,United States,Springfield,"University of Illinois, Springfield (UIS)",https://www.topuniversities.com/sites/default/files/university-of-illinois-springfield-uis_592560cf2aeae70239af52ae_small.jpg,North America,,,POINT(None None)
289,United States,La Verne,University of La Verne,https://www.topuniversities.com/sites/default/files/university-of-la-verne_592560cf2aeae70239af51bb_small.jpg,North America,,,POINT(34.099863600000006 -117.77262247058354)
290,,,University of Massachusetts-Dartmouth,https://www.topuniversities.com/sites/default/files/Webp.net-resizeimage-2021-04-22T142334.914-1-48x48.jpg,North America,,,POINT(41.6225037 -71.00734480248786)
291,United States,New Haven,University of New Haven,https://www.topuniversities.com/sites/default/files/220714060113am645410Univ-of-New-Haven-logo-48x48.jpg,North America,,,POINT(41.29091365 -72.96263883692575)
292,United States,Jacksonville,University of North Florida,https://www.topuniversities.com/sites/default/files/university-of-north-florida_592560e79988f300e2322040_small.jpg,North America,,,POINT(30.268986499999997 -81.50965611064404)
293,,,University of North Georgia,https://www.topuniversities.com/sites/default/files/Webp.net-resizeimage-2021-04-22T143435.254-48x48.jpg,North America,,,POINT(33.8661343 -83.4262405)
294,United States,Portland,University of Portland,https://www.topuniversities.com/sites/default/files/university-of-portland_592560de9988f300e23206ee_small.jpg,North America,,,POINT(45.5736806 -122.72828778187088)
295,United States,Mobile,University of South Alabama (USA),https://www.topuniversities.com/sites/default/files/Webp.net-resizeimage-84-48x48.jpg,North America,,,POINT(30.6972412 -88.18923340816056)
296,United States,Vermillion ,University of South Dakota,https://www.topuniversities.com/sites/default/files/university-of-south-dakota_592560cf2aeae70239af51cc_small.jpg,North America,,,POINT(42.79137035 -96.92542348265259)
297,United States,Arlington,The University of Texas at Arlington,https://www.topuniversities.com/sites/default/files/QS_UTA-Logo-48x48.jpg,North America,,,POINT(32.72976 -97.11386)
298,United States,Eau Claire,University of Wisconsin - Eau Claire,https://www.topuniversities.com/sites/default/files/university-of-wisconsin-eau-claire_592560e79988f300e2321f92_small.jpg,North America,,,POINT(44.79877185 -91.50699633070403)
299,,,Western Connecticut State University,https://www.topuniversities.com/sites/default/files/western-connecticut-state-university_592560e79988f300e23220d3_small.jpg,North America,,,POINT(41.400495449999994 -73.44502202230746)
300,United States,Kalamazoo,Western Michigan University,https://www.topuniversities.com/sites/default/files/western-michigan-university_592560cf2aeae70239af51ce_small.jpg,North America,,,POINT(42.2832928 -85.61026110719504)
301,,,Wilkes University,https://www.topuniversities.com/sites/default/files/Webp.net-resizeimage-2021-04-22T143255.634-48x48.jpg,North America,,,POINT(41.2444276 -75.89029219522655)
302,United States,,Buffalo State College (SUNY),https://www.topuniversities.com/sites/default/files/Webp.net-resizeimage-87-48x48.jpg,North America,,,POINT(42.9336675 -78.8839422107825)
303,United States,San Luis Obispo,California Polytechnic State University,https://www.topuniversities.com/sites/default/files/california-polytechnic-state-university_592560cf2aeae70239af5348_small.jpg,North America,,,POINT(35.3074623 -120.66464833678835)
304,United States,,California State University - Stanislaus,https://www.topuniversities.com/sites/default/files/california-state-university-stanislaus_592560e09988f300e2320c38_small.jpg,North America,,,POINT(37.5262549 -120.85577220454176)
305,United States,Carson,California State University Dominguez Hills,https://www.topuniversities.com/sites/default/files/california-state-university-dominguez-hills_592560de9988f300e23206b2_small.jpg,North America,,,POINT(33.86261425 -118.25737417394464)
306,,,Carthage College,https://www.topuniversities.com/sites/default/files/Webp.net-resizeimage-2021-04-22T132146.790-48x48.jpg,North America,,,POINT(42.6228012 -87.82229092011687)
307,United States,Mount Pleasant,Central Michigan University,https://www.topuniversities.com/sites/default/files/central-michigan-university_592560cf2aeae70239af517f_small.jpg,North America,,,POINT(43.583549950000005 -84.77463084566247)
308,United States,Philadelphia,Chestnut Hill College,https://www.topuniversities.com/sites/default/files/chestnut-hill-college_5c811d5710ca605c2739f6d3_small.jpg,North America,,,POINT(40.086506400000005 -75.22687890420772)
309,,,Christian Brothers University,https://www.topuniversities.com/sites/default/files/Webp.net-resizeimage-2021-04-22T132327.901-48x48.jpg,North America,,,POINT(35.128969600000005 -89.98022497909133)
310,United States,,Delaware State University,https://www.topuniversities.com/sites/default/files/delaware-state-university_592560e79988f300e232204d_small.jpg,North America,,,POINT(39.186799300000004 -75.54235828105121)
311,United States,Pittsburgh,Duquesne University,https://www.topuniversities.com/sites/default/files/duquesne-university_592560cf2aeae70239af5184_small.jpg,North America,,,POINT(40.43653105 -79.99048168804487)
312,,,Eastern University,https://www.topuniversities.com/sites/default/files/Webp.net-resizeimage-93-48x48.jpg,North America,,,POINT(40.0505672 -75.37109326366627)
313,United States,Tallahassee,Florida Agricultural and Mechanical University,https://www.topuniversities.com/sites/default/files/florida-agricultural-and-mechanical-university_5c820f465c52f35e994cf5dc_small.jpg,North America,,,POINT(30.4227425 -84.28759867670152)
314,,,Florida Institute of Technology,https://www.topuniversities.com/sites/default/files/florida-institute-of-technology_592560cf2aeae70239af588d_small.jpg,North America,,,POINT(28.064270999999998 -80.6230040282868)
315,,,Frostburg State University,https://www.topuniversities.com/sites/default/files/Webp.net-resizeimage-92-1-48x48.jpg,North America,,,POINT(39.6476066 -78.94059833960048)
316,United States,Saint Paul,Hamline University,https://www.topuniversities.com/sites/default/files/Webp.net-resizeimage-79-48x48.jpg,North America,,,POINT(44.966511350000005 -93.16458641389622)
317,United States,Hampton,Hampton University,https://www.topuniversities.com/sites/default/files/hampton-university_5c8214405c52f35d9e77fe2c_small.jpg,North America,,,POINT(37.0210096 -76.33862554102596)
318,,,Jacksonville University,https://www.topuniversities.com/sites/default/files/Webp.net-resizeimage-91-48x48.jpg,North America,,,POINT(30.3537227 -81.60730605405212)
319,United States,University Heights,John Carroll University,https://www.topuniversities.com/sites/default/files/john-carroll-university_5c821c835c52f35d9e77fe48_small.jpg,North America,,,POINT(41.490381049999996 -81.52875868134805)
320,United States,Wilkes-Barre,King's College,https://www.topuniversities.com/sites/default/files/kings-college_5c8222e010ca605c2739f7f9_small.jpg,North America,,,POINT(22.284536 114.14028163603001)
321,,,Lamar University,https://www.topuniversities.com/sites/default/files/Webp.net-resizeimage-86-48x48.jpg,North America,,,POINT(30.03889465 -94.07589293260585)
322,United States,Southfield,Lawrence Technological University,https://www.topuniversities.com/sites/default/files/lawrence-technological-university_592560cf2aeae70239af579c_small.jpg,North America,,,POINT(42.4752647 -83.25063727571097)
323,,,Lynn University,https://www.topuniversities.com/sites/default/files/Webp.net-resizeimage-94-48x48.jpg,North America,,,POINT(26.3837711 -80.12540276819502)
324,United States,Livonia,Madonna University,https://www.topuniversities.com/sites/default/files/madonna-university_592560cf2aeae70239af56a0_small.jpg,North America,,,POINT(42.391135399999996 -83.41034131285153)
325,United States,Purchase,Manhattanville College,https://www.topuniversities.com/sites/default/files/manhattanville-college_5c86026410ca6067ba7e02ca_small.jpg,North America,,,POINT(41.0313935 -73.7155858)
326,United States,Poughkeepsie,Marist College,https://www.topuniversities.com/sites/default/files/marist-college_592560cf2aeae70239af5767_small.jpg,North America,,,POINT(-36.88194565 174.7254912360911)
327,United States,Macon,Mercer University,https://www.topuniversities.com/sites/default/files/mercer-university_592560cf2aeae70239af555d_small.jpg,North America,,,POINT(32.8289341 -83.65067020582131)
328,United States,New York City,Mount St Mary's College,https://www.topuniversities.com/sites/default/files/Webp.net-resizeimage-83-48x48.jpg,North America,,,POINT(53.3050485 -1.3212961003542603)
329,United States,Rochester,Nazareth College,https://www.topuniversities.com/sites/default/files/nazareth-college_592560e89988f300e23223f7_small.jpg,North America,,,POINT(-37.93931875 145.19555054505264)
330,,,Niagara University,https://www.topuniversities.com/sites/default/files/niagara-university_592560e79988f300e23220b0_small.jpg,North America,,,POINT(43.136603050000005 -79.03488917595874)
331,United States,San Antonio,Our Lady of the Lake University,https://www.topuniversities.com/sites/default/files/our-lady-of-the-lake-university_5c86499710ca6067ba7e0356_small.jpg,North America,,,POINT(29.42700265 -98.54353418294424)
332,United States,,Radford University,https://www.topuniversities.com/sites/default/files/radford-university_592560e09988f300e2320b16_small.jpg,North America,,,POINT(37.13702415 -80.54996123561598)
333,United States,Cortland,SUNY Cortland,https://www.topuniversities.com/sites/default/files/suny-cortland_592560e09988f300e2320b94_small.jpg,North America,,,POINT(42.5927112 -76.19617275118115)
334,United States,,SUNY Plattsburgh,https://www.topuniversities.com/sites/default/files/Webp.net-resizeimage-89-48x48.jpg,North America,,,POINT(44.68359335 -73.47736652771775)
335,United States,,SUNY Potsdam,https://www.topuniversities.com/sites/default/files/suny-potsdam_592560e09988f300e2320baa_small.jpg,North America,,,POINT(44.6606505 -74.97047884436499)
336,,,Salisbury University,https://www.topuniversities.com/sites/default/files/salisbury-university_592560e09988f300e2320b10_small.jpg,North America,,,POINT(38.34569205 -75.60689503356375)
337,,,Sam Houston State University,https://www.topuniversities.com/sites/default/files/Webp.net-resizeimage-2021-04-22T140353.140-1-48x48.jpg,North America,,,POINT(30.7133471 -95.54491358059069)
338,United States,Winchester,Shenandoah University,https://www.topuniversities.com/sites/default/files/shenandoah-university_5c86578b5c52f36812247594_small.jpg,North America,,,POINT(39.16630535 -78.15876380974831)
339,United States,Towson,Towson University,https://www.topuniversities.com/sites/default/files/towson-university_5c8756285c52f3048f39ab05_small.jpg,North America,,,POINT(39.38697675 -76.61858035588965)
340,United States,Kirksville,Truman State University,https://www.topuniversities.com/sites/default/files/truman-state-university_5c875a125c52f3048e1f021d_small.jpg,North America,,,POINT(40.184326999999996 -92.58258315273135)
341,United States,,University of Guam,https://www.topuniversities.com/sites/default/files/university-of-guam_592560e79988f300e2321f7d_small.jpg,North America,,,POINT(13.4323798 144.8029233)
342,United States,Flint,University of Michigan-Flint,https://www.topuniversities.com/sites/default/files/university-of-michigan-flint_5c876b545c52f3060f614106_small.jpg,North America,,,POINT(43.019000500000004 -83.6889868154815)
343,United States,Missoula ,University of Montana Missoula ,https://www.topuniversities.com/sites/default/files/university-of-montana-missoula_2260_small.jpg,North America,,,POINT(46.8541841 -113.96552830266285)
344,,,University of Nebraska – Omaha,https://www.topuniversities.com/sites/default/files/Webp.net-resizeimage-97-48x48.jpg,North America,,,POINT(41.257793250000006 -96.01049708374254)
345,United States,Wilmington,University of North Carolina Wilmington,https://www.topuniversities.com/sites/default/files/university-of-north-carolina-wilmington_592560cf2aeae70239af57c1_small.jpg,North America,,,POINT(34.2249827 -77.86907743744479)
346,United States,Grand Forks,University of North Dakota,https://www.topuniversities.com/sites/default/files/university-of-north-dakota_592560cf2aeae70239af51c4_small.jpg,North America,,,POINT(47.926541150000006 -97.07212085037051)
347,United States,Tampa,The University of Tampa,https://www.topuniversities.com/sites/default/files/the-university-of-tampa_592560de9988f300e23206ad_small.jpg,North America,,,POINT(None None)
348,,,University of the Incarnate Word,https://www.topuniversities.com/sites/default/files/Webp.net-resizeimage-2021-04-22T142856.968-48x48.jpg,North America,,,POINT(29.4688466 -98.46910390973764)
349,United States,Logan,Utah State University ,https://www.topuniversities.com/sites/default/files/utah-state-university-_592560cf2aeae70239af51cb_small.jpg,North America,,,POINT(41.752695900000006 -111.808733045283)
350,United States,Waynesburg,Waynesburg University,https://www.topuniversities.com/sites/default/files/waynesburg-university_5c87729e10ca60036e108ab0_small.jpg,North America,,,POINT(39.899253099999996 -80.18633971576111)
351,United States,Wichita ,Wichita State University,https://www.topuniversities.com/sites/default/files/wichita-state-university_592560cf2aeae70239af51cf_small.jpg,North America,,,POINT(37.71934295 -97.28988783173023)
352,United States,New Orleans,Xavier University of Louisiana,https://www.topuniversities.com/sites/default/files/xavier-university-of-louisiana_5c878b065c52f3048f39abf9_small.jpg,North America,,,POINT(29.9638897 -90.10922358519306)
